League,Player,Team,Dbl Dbl,Tpl Dbl,40 Pts,20 Reb,20 Ast,5 Stl,5 Blk,High Game,Techs,HOB,Ast/TO,Stl/TO,FT/FGA,W's,L's,Win %,OWS,DWS,WS
2005-2006 NBA NBA Summer League Stats,Sebastian Telfair,POR,2,0,0,0,0,0,0,27,3,.412,2.0,0.4,0.6,3,3,.500,0.7,0.3,1.0
2005-2006 NBA NBA Summer League Stats,Chris Kaman,LAC,2,0,0,0,0,0,0,28,1,.320,0.0,0.1,0.4,2,3,.400,0.5,0.3,0.8
2005-2006 NBA NBA Summer League Stats,Josh Powell,DAL,2,0,0,0,0,0,0,19,0,.160,0.5,0.0,1.1,3,2,.600,0.4,0.3,0.7
2005-2006 NBA NBA Summer League Stats,Olumide Oyedeji,CLE,1,0,0,0,0,0,0,16,1,.144,1.0,0.3,0.6,6,0,1.000,0.7,0.4,1.1
2005-2006 NBA NBA Summer League Stats,Ike Diogu,GSW,1,0,0,0,0,0,0,37,1,.240,0.1,0.0,0.4,1,4,.200,0.9,0.0,0.9
2005-2006 NBA NBA Summer League Stats,Linas Kleiza,DEN,1,0,0,0,0,0,0,26,1,.225,0.5,0.4,0.5,3,3,.500,0.8,0.2,1.0
2005-2006 NBA NBA Summer League Stats,Ryan Gomes,BOS,1,0,0,0,0,0,0,16,0,.180,0.3,0.1,0.4,4,2,.667,0.8,0.4,1.1
2005-2006 NBA NBA Summer League Stats,Travis Diener,ORL,1,0,0,0,0,0,0,16,0,.228,4.0,0.6,0.5,3,2,.600,0.7,0.1,0.8
2005-2006 NBA NBA Summer League Stats,Travis Outlaw,POR,1,0,0,0,0,0,0,32,1,.303,0.6,0.4,0.5,3,3,.500,0.1,0.4,0.5
2005-2006 NBA NBA Summer League Stats,Maciej Lampe,NOP,1,0,0,0,0,0,0,15,1,.193,0.6,0.8,0.4,1,4,.200,0.4,0.1,0.6
2005-2006 NBA NBA Summer League Stats,Andray Blatche,WAS,1,0,0,0,0,1,0,13,1,.189,0.4,0.4,0.2,2,4,.333,-0.2,0.1,0.0
2005-2006 NBA NBA Summer League Stats,Channing Frye,NYK,1,0,0,0,0,0,0,16,0,.150,0.3,0.1,0.6,4,1,.800,0.5,0.1,0.6
2005-2006 NBA NBA Summer League Stats,Andris Biedrins,GSW,1,0,0,0,0,0,0,17,2,.113,0.2,0.1,0.7,1,4,.200,0.1,0.1,0.1
2005-2006 NBA NBA Summer League Stats,Kris Lang,POR,1,0,0,0,0,0,0,10,0,.127,0.7,0.3,0.3,3,3,.500,0.0,0.2,0.2
2005-2006 NBA NBA Summer League Stats,Nedzad Sinanovic,POR,1,0,0,0,0,0,0,10,1,.061,0.0,0.0,0.2,3,3,.500,0.0,0.2,0.2
2006-2007 NBA NBA Summer League Stats,James Singleton,LAC,5,0,0,0,0,0,0,23,0,.279,0.7,0.3,0.6,2,3,.400,0.6,0.4,1.0
2006-2007 NBA NBA Summer League Stats,David Lee,NYK,2,0,0,0,0,0,0,21,0,.245,0.9,1.0,0.5,4,1,.800,0.6,0.5,1.1
2006-2007 NBA NBA Summer League Stats,Brandon Hunter,CLE,2,0,0,0,0,0,0,18,0,.144,0.5,0.0,1.8,3,2,.600,0.1,0.3,0.4
2006-2007 NBA NBA Summer League Stats,Lou Amundson,SAC,2,0,0,0,0,0,0,16,0,.151,0.2,0.3,0.9,4,1,.800,0.2,0.4,0.6
2006-2007 NBA NBA Summer League Stats,Kris Humphries,TOR,2,0,0,0,0,0,0,19,0,.190,0.3,0.6,0.6,1,4,.200,0.0,0.2,0.2
2006-2007 NBA NBA Summer League Stats,John Lucas,HOU,1,0,0,0,0,0,0,26,0,.567,2.7,0.5,0.2,5,0,1.000,1.1,0.3,1.4
2006-2007 NBA NBA Summer League Stats,Rajon Rondo,BOS,1,0,0,0,0,0,0,14,0,.313,3.2,1.2,0.3,3,2,.600,0.5,0.2,0.8
2006-2007 NBA NBA Summer League Stats,Chuck Hayes,HOU,1,0,0,0,0,0,0,10,0,.120,0.7,0.1,0.7,5,0,1.000,0.3,0.4,0.7
2006-2007 NBA NBA Summer League Stats,Sharrod Ford,CLE,1,0,0,0,0,0,1,18,0,.174,0.1,0.2,0.8,3,2,.600,0.2,0.3,0.5
2006-2007 NBA NBA Summer League Stats,Al Jefferson,BOS,1,0,0,0,0,0,0,17,0,.141,0.7,0.4,0.6,3,2,.600,0.3,0.2,0.4
2006-2007 NBA NBA Summer League Stats,Kevin Martin,SAC,1,0,0,0,0,0,0,27,0,.231,0.4,0.1,1.3,3,1,.750,0.5,0.3,0.7
2006-2007 NBA NBA Summer League Stats,Pavel Podkolzin,DAL,1,0,0,0,0,0,0,20,0,.160,0.1,0.2,1.2,0,5,.000,0.2,0.1,0.2
2006-2007 NBA NBA Summer League Stats,Boniface Ndong,LAC,1,0,0,0,0,0,0,14,0,.209,0.8,0.3,0.4,2,3,.400,0.0,0.2,0.3
2006-2007 NBA NBA Summer League Stats,Andray Blatche,WAS,1,0,0,0,0,0,0,20,0,.278,0.2,0.2,0.4,0,5,.000,-0.2,0.3,0.1
2006-2007 NBA NBA Summer League Stats,Kevinn Pinkney,POR,1,0,0,0,0,0,0,14,0,.193,3.7,0.0,0.1,3,1,.750,0.3,0.1,0.4
2006-2007 NBA NBA Summer League Stats,Brandon Bass,NOP,1,0,0,0,0,0,0,14,0,.101,0.5,0.3,1.1,1,2,.333,-0.2,0.1,-0.1
2006-2007 NBA NBA Summer League Stats,Hilton Armstrong,NOP,1,0,0,0,0,0,0,20,0,.146,0.1,0.0,0.5,1,3,.250,0.1,0.0,0.2
2006-2007 NBA NBA Summer League Stats,Andrea Bargnani,TOR,1,0,0,0,0,0,0,21,0,.198,0.2,0.1,0.5,1,4,.200,0.0,0.1,0.2
2007-2008 NBA NBA Summer League Stats,Jelani McCoy,DEN,3,0,0,0,0,0,1,14,0,.149,0.8,0.6,0.7,3,2,.600,0.4,0.3,0.7
2007-2008 NBA NBA Summer League Stats,Justin Williams,SAC,3,0,0,0,0,0,0,17,0,.168,0.0,0.1,0.6,3,2,.600,-0.2,0.5,0.3
2007-2008 NBA NBA Summer League Stats,Randolph Morris,NYK,2,0,0,0,0,0,0,16,0,.115,0.1,0.2,1.0,4,0,1.000,0.2,0.2,0.4
2007-2008 NBA NBA Summer League Stats,Thaddeus Young,PHI,2,0,0,0,0,0,0,20,0,.197,0.3,0.5,0.1,3,2,.600,0.1,0.1,0.2
2007-2008 NBA NBA Summer League Stats,Paul Davis,LAC,2,0,0,0,0,0,0,18,0,.180,0.2,0.2,0.5,2,3,.400,0.0,0.2,0.2
2007-2008 NBA NBA Summer League Stats,Renaldo Balkman,NYK,1,0,0,0,0,1,0,19,0,.198,0.8,0.8,1.0,4,0,1.000,0.3,0.3,0.7
2007-2008 NBA NBA Summer League Stats,Rudy Gay,MEM,1,0,0,0,0,0,0,26,0,.265,1.0,0.8,0.5,2,3,.400,0.4,0.2,0.7
2007-2008 NBA NBA Summer League Stats,Nate Robinson,NYK,1,0,0,0,0,0,0,24,0,.351,1.6,0.3,0.7,4,0,1.000,0.7,0.2,0.8
2007-2008 NBA NBA Summer League Stats,Mike Harris,HOU,1,0,0,0,0,0,0,17,0,.167,0.4,0.0,0.7,4,1,.800,0.7,0.2,0.8
2007-2008 NBA NBA Summer League Stats,Wilson Chandler,NYK,1,0,0,0,0,0,0,17,0,.221,1.4,0.6,0.3,4,0,1.000,0.4,0.2,0.6
2007-2008 NBA NBA Summer League Stats,Corey Brewer,MIN,1,0,0,0,0,0,0,18,0,.212,0.8,0.2,0.4,4,1,.800,-0.2,0.3,0.2
2007-2008 NBA NBA Summer League Stats,Jordan Farmar,LAL,1,0,0,0,0,0,0,18,0,.262,1.7,0.5,0.6,2,3,.400,0.3,0.1,0.4
2007-2008 NBA NBA Summer League Stats,Lou Amundson,PHI,1,0,0,0,0,0,0,16,0,.108,0.3,0.1,1.0,2,2,.500,0.2,0.1,0.3
2007-2008 NBA NBA Summer League Stats,Julian Wright,NOP,1,0,0,0,0,0,0,14,0,.153,0.7,0.1,0.2,0,5,.000,0.0,0.0,0.0
2007-2008 NBA NBA Summer League Stats,Oleksiy Pecherov,WAS,1,0,0,0,0,0,0,26,0,.228,0.0,0.0,0.3,1,3,.250,0.2,0.2,0.4
2007-2008 NBA NBA Summer League Stats,Cheickh Samb,DET,1,0,0,0,0,0,0,12,0,.097,0.0,0.1,0.3,4,1,.800,0.2,0.1,0.3
2007-2008 NBA NBA Summer League Stats,Hilton Armstrong,NOP,1,0,0,0,0,0,0,24,0,.189,0.2,0.2,0.7,0,4,.000,0.1,0.0,0.1
2007-2008 NBA NBA Summer League Stats,Jason Smith,PHI,1,0,0,0,0,0,0,12,0,.138,0.3,0.2,0.3,3,2,.600,0.0,0.1,0.1
2007-2008 NBA NBA Summer League Stats,Al Thornton,LAC,1,0,0,0,0,0,0,24,0,.230,0.2,0.0,0.5,2,3,.400,-0.1,0.2,0.1
2007-2008 NBA NBA Summer League Stats,LaMarcus Aldridge,POR,1,0,0,0,0,0,0,16,0,.286,0.3,0.0,0.3,0,1,.000,0.1,0.1,0.2
2007-2008 NBA NBA Summer League Stats,Amir Johnson,DET,1,0,0,0,0,0,0,17,0,.250,0.2,0.2,0.4,1,0,1.000,0.1,0.1,0.1
2007-2008 NBA NBA Summer League Stats,Pops Mensah-Bonsu,DAL,1,0,0,0,0,0,0,12,0,.111,0.0,0.2,0.6,3,0,1.000,-0.2,0.2,-0.1
2008-2009 NBA NBA Summer League Stats,Kevin Love,MIN,3,0,0,0,0,0,0,26,0,.283,0.6,0.1,0.4,1,3,.250,0.5,0.1,0.5
2008-2009 NBA NBA Summer League Stats,Marreese Speights,PHI,3,0,0,0,0,0,0,24,0,.240,0.1,0.1,0.5,3,2,.600,0.4,0.3,0.7
2008-2009 NBA NBA Summer League Stats,Elton Brown,DEN,3,0,0,0,0,0,0,21,0,.185,0.1,0.1,0.5,4,1,.800,0.5,0.2,0.7
2008-2009 NBA NBA Summer League Stats,Jason Smith,PHI,2,0,0,0,0,0,0,24,0,.192,0.1,0.2,0.6,3,2,.600,0.4,0.3,0.6
2008-2009 NBA NBA Summer League Stats,James Gist,SAS,2,0,0,0,0,0,0,14,0,.228,0.5,0.5,0.2,1,2,.333,0.4,0.1,0.5
2008-2009 NBA NBA Summer League Stats,Bobby Brown,NOP,1,0,0,0,0,0,0,20,0,.443,2.9,0.2,0.2,4,2,.667,0.6,0.2,0.8
2008-2009 NBA NBA Summer League Stats,Wilson Chandler,NYK,1,0,0,0,0,0,0,31,0,.267,0.6,0.4,0.2,2,3,.400,0.2,0.1,0.3
2008-2009 NBA NBA Summer League Stats,Dominic McGuire,WAS,1,0,0,0,0,0,0,18,0,.241,0.7,0.2,0.4,2,3,.400,0.3,0.2,0.5
2008-2009 NBA NBA Summer League Stats,Charles Rhodes,DAL,1,0,0,0,0,0,0,13,0,.193,0.8,0.3,0.6,3,2,.600,0.5,0.2,0.7
2008-2009 NBA NBA Summer League Stats,Shelden Williams,SAC,1,0,0,0,0,0,0,20,0,.204,0.4,0.1,0.8,3,1,.750,0.4,0.2,0.5
2008-2009 NBA NBA Summer League Stats,Jason Thompson,SAC,1,0,0,0,0,0,0,21,0,.200,0.2,0.1,0.9,3,2,.600,0.3,0.2,0.5
2008-2009 NBA NBA Summer League Stats,Anthony Randolph,GSW,1,0,0,0,0,0,0,30,0,.237,0.2,0.2,0.5,3,1,.750,0.3,0.2,0.5
2008-2009 NBA NBA Summer League Stats,J.J. Hickson,CLE,1,0,0,0,0,0,0,26,0,.262,0.0,0.0,0.5,0,4,.000,0.3,0.0,0.3
2008-2009 NBA NBA Summer League Stats,Aaron Brooks,HOU,1,0,0,0,0,0,0,25,0,.408,4.0,0.5,0.4,1,2,.333,0.5,0.0,0.5
2008-2009 NBA NBA Summer League Stats,Spencer Hawes,SAC,1,0,0,0,0,0,0,23,1,.289,0.4,0.0,0.4,3,2,.600,-0.1,0.2,0.1
2008-2009 NBA NBA Summer League Stats,Luc Mbah a Moute,MIL,1,0,0,0,0,0,0,13,0,.148,0.4,0.4,0.5,4,1,.800,0.1,0.3,0.4
2008-2009 NBA NBA Summer League Stats,Bernard Robinson,POR,1,0,0,0,0,0,0,11,0,.128,1.1,0.3,0.7,3,2,.600,0.2,0.3,0.5
2008-2009 NBA NBA Summer League Stats,C.J. Giles,TOR,1,0,0,0,0,0,0,13,0,.170,0.8,0.4,0.5,0,3,.000,0.2,0.1,0.3
2008-2009 NBA NBA Summer League Stats,DeAndre Jordan,LAC,1,0,0,0,0,0,0,15,0,.160,0.4,0.0,0.6,1,3,.250,0.1,0.2,0.3
2008-2009 NBA NBA Summer League Stats,Marcus E. Williams,LAC,1,0,0,0,0,0,0,24,0,.120,0.8,1.0,0.7,1,3,.250,0.2,0.2,0.4
2008-2009 NBA NBA Summer League Stats,Mike Harris,HOU,1,0,0,0,0,0,0,16,0,.223,0.5,0.0,0.2,1,2,.333,0.1,0.0,0.2
2008-2009 NBA NBA Summer League Stats,Joey Dorsey,HOU,1,0,0,0,0,0,0,22,1,.152,0.0,0.0,0.2,0,2,.000,0.2,0.0,0.2
2008-2009 NBA NBA Summer League Stats,Ian Mahinmi,SAS,1,0,0,0,0,0,0,14,0,.130,0.2,0.4,0.7,1,1,.500,0.0,0.2,0.2
2009-2010 NBA NBA Summer League Stats,Anthony Randolph,GSW,3,0,1,0,0,0,1,42,0,.367,0.4,0.8,0.6,3,1,.750,0.8,0.5,1.3
2009-2010 NBA NBA Summer League Stats,Blake Griffin,LAC,3,0,0,0,0,0,0,27,1,.414,0.8,0.2,0.5,2,3,.400,0.1,0.3,0.4
2009-2010 NBA NBA Summer League Stats,Austin Daye,DET,3,0,0,0,0,0,0,27,1,.239,0.3,0.4,0.3,4,1,.800,0.2,0.2,0.4
2009-2010 NBA NBA Summer League Stats,Joey Dorsey,HOU,2,0,0,1,0,0,0,13,0,.224,0.9,0.3,0.8,5,0,1.000,0.3,0.6,0.9
2009-2010 NBA NBA Summer League Stats,Nik Caner-Medley,LAC,2,0,0,0,0,0,0,15,0,.173,0.5,0.5,0.5,2,3,.400,0.4,0.3,0.6
2009-2010 NBA NBA Summer League Stats,Andray Blatche,WAS,2,0,0,0,0,0,0,27,0,.356,0.9,0.6,0.4,1,2,.333,0.2,0.1,0.4
2009-2010 NBA NBA Summer League Stats,Ben McCauley,LAL,2,0,0,0,0,0,0,24,0,.184,0.3,0.6,0.1,3,2,.600,0.3,0.1,0.4
2009-2010 NBA NBA Summer League Stats,DeAndre Jordan,LAC,2,0,0,0,0,0,0,21,2,.180,0.0,0.1,0.7,2,3,.400,0.1,0.2,0.3
2009-2010 NBA NBA Summer League Stats,Jason Thompson,SAC,2,0,0,0,0,0,0,31,0,.298,0.6,0.1,0.6,1,4,.200,0.4,0.0,0.4
2009-2010 NBA NBA Summer League Stats,DeJuan Blair,SAS,2,0,0,0,0,0,0,20,0,.205,0.0,0.4,0.5,2,1,.667,0.4,0.1,0.5
2009-2010 NBA NBA Summer League Stats,Brandon Jennings,MIL,1,0,0,0,0,2,0,23,0,.449,2.0,0.9,0.3,4,1,.800,0.1,0.5,0.6
2009-2010 NBA NBA Summer League Stats,Tyreke Evans,SAC,1,0,0,0,0,0,0,33,0,.340,1.0,0.2,0.8,1,4,.200,0.4,0.1,0.5
2009-2010 NBA NBA Summer League Stats,Jonny Flynn,MIN,1,0,0,0,0,0,0,24,0,.396,1.4,0.2,0.4,1,4,.200,0.4,-0.1,0.3
2009-2010 NBA NBA Summer League Stats,Patrick O'Bryant,TOR,1,0,0,0,0,0,0,15,0,.194,0.9,0.5,0.3,3,2,.600,0.3,0.2,0.5
2009-2010 NBA NBA Summer League Stats,Robin Lopez,PHX,1,0,0,0,0,0,0,24,0,.160,0.4,0.7,0.6,3,2,.600,0.3,0.3,0.6
2009-2010 NBA NBA Summer League Stats,Jeff Ayres,POR,1,0,0,0,0,0,0,14,1,.154,0.3,0.4,0.4,1,4,.200,0.4,0.1,0.5
2009-2010 NBA NBA Summer League Stats,Anthony Tolliver,NOP,1,0,0,0,0,0,0,20,0,.149,1.0,0.6,0.4,1,4,.200,0.4,-0.1,0.3
2009-2010 NBA NBA Summer League Stats,C.J. Giles,DEN,1,0,0,0,0,0,1,13,0,.103,0.5,0.8,0.3,4,1,.800,0.2,0.2,0.5
2009-2010 NBA NBA Summer League Stats,Ian Mahinmi,SAS,1,0,0,0,0,0,0,15,0,.103,0.1,0.2,1.1,3,2,.600,0.5,0.2,0.6
2009-2010 NBA NBA Summer League Stats,Jonas Jerebko,DET,1,0,0,0,0,0,0,19,0,.174,0.6,1.0,0.6,4,1,.800,0.2,0.2,0.4
2009-2010 NBA NBA Summer League Stats,Kurt Looby,SEL,1,0,0,0,0,0,0,10,0,.060,0.3,0.7,0.6,3,2,.600,0.2,0.1,0.3
2009-2010 NBA NBA Summer League Stats,Oleksiy Pecherov,MIN,1,0,0,0,0,0,0,15,0,.104,0.0,0.3,0.2,1,4,.200,0.1,0.0,0.1
2009-2010 NBA NBA Summer League Stats,Darnell Jackson,CLE,1,0,0,0,0,0,0,14,0,.131,0.3,0.6,0.8,1,4,.200,0.1,0.2,0.3
2009-2010 NBA NBA Summer League Stats,Earl Clark,PHX,1,0,0,0,0,0,0,16,0,.168,0.3,0.3,0.3,2,2,.500,-0.1,0.2,0.1
2009-2010 NBA NBA Summer League Stats,Curtis Stinson,SEL,1,0,0,0,0,0,0,13,0,.217,0.8,0.3,0.1,3,2,.600,-0.3,0.1,-0.2
2009-2010 NBA NBA Summer League Stats,David Harrison,CLE,1,0,0,0,0,0,0,10,2,.062,0.0,0.1,1.6,1,4,.200,0.1,0.1,0.2
2009-2010 NBA NBA Summer League Stats,Sonny Weems,DEN,1,0,0,0,0,0,0,28,0,.206,0.3,0.3,0.3,4,1,.800,-0.4,0.2,-0.1
2009-2010 NBA NBA Summer League Stats,Taj Gibson,CHI,1,0,0,0,0,0,0,14,0,.211,0.3,0.3,0.4,0,2,.000,0.2,0.0,0.1
2010-2011 NBA NBA Summer League Stats,DeMarcus Cousins,SAC,4,0,0,0,0,0,0,22,1,.250,0.4,0.3,0.4,4,2,.667,-0.6,0.5,-0.1
2010-2011 NBA NBA Summer League Stats,Derrick Caracter,LAL,3,0,0,0,0,0,0,20,0,.295,0.3,0.1,0.4,0,5,.000,0.1,0.1,0.2
2010-2011 NBA NBA Summer League Stats,John Wall,WAS,2,0,0,0,0,1,0,31,0,.463,1.5,0.5,0.7,4,0,1.000,0.7,0.2,0.9
2010-2011 NBA NBA Summer League Stats,JaVale McGee,WAS,2,0,0,0,0,0,0,29,0,.268,0.0,0.2,0.5,4,0,1.000,0.6,0.2,0.8
2010-2011 NBA NBA Summer League Stats,Trent Plaisted,CHI,2,0,0,0,0,0,0,13,0,.150,0.4,0.0,0.5,1,4,.200,0.2,0.2,0.4
2010-2011 NBA NBA Summer League Stats,Deon Thompson,MIN,2,0,0,0,0,0,0,13,0,.215,0.5,0.4,0.3,1,4,.200,0.0,0.3,0.4
2010-2011 NBA NBA Summer League Stats,Hasheem Thabeet,MEM,1,0,0,0,0,0,1,21,1,.135,0.3,0.2,1.2,3,2,.600,0.4,0.4,0.8
2010-2011 NBA NBA Summer League Stats,Kyle Hines,NOP,1,0,0,0,0,0,0,15,0,.144,1.2,1.2,0.9,0,5,.000,0.3,0.1,0.4
2010-2011 NBA NBA Summer League Stats,Curtis Withers,SEL,1,0,0,0,0,0,0,19,0,.225,0.6,0.3,0.6,1,4,.200,0.4,0.0,0.4
2010-2011 NBA NBA Summer League Stats,Mike Gansey,SEL,1,0,0,0,0,0,0,17,0,.196,1.3,1.3,0.2,1,4,.200,0.7,-0.1,0.6
2010-2011 NBA NBA Summer League Stats,Curtis Withers,SEL,1,0,0,0,0,0,0,19,0,.133,0.6,0.3,0.6,3,5,.375,0.4,0.0,0.4
2010-2011 NBA NBA Summer League Stats,Patrick O'Bryant,MIN,1,0,0,0,0,0,0,16,0,.208,0.5,0.4,0.4,1,4,.200,0.1,0.4,0.5
2010-2011 NBA NBA Summer League Stats,Othello Hunter,DEN,1,0,0,0,0,0,0,19,0,.159,0.0,0.2,0.6,4,1,.800,0.4,0.3,0.7
2010-2011 NBA NBA Summer League Stats,Jordan Hill,HOU,1,0,0,0,0,0,0,16,0,.185,0.4,0.3,0.6,3,2,.600,0.4,0.2,0.6
2010-2011 NBA NBA Summer League Stats,Greg Monroe,DET,1,0,0,0,0,0,0,27,0,.233,0.3,0.5,0.8,2,3,.400,0.2,0.1,0.3
2010-2011 NBA NBA Summer League Stats,Joey Dorsey,TOR,1,0,0,0,0,0,0,13,2,.106,1.0,0.2,0.8,4,0,1.000,0.3,0.2,0.5
2010-2011 NBA NBA Summer League Stats,Courtney Sims,LAL,1,0,0,0,0,0,0,13,0,.129,0.5,0.4,0.7,0,5,.000,0.4,0.0,0.4
2010-2011 NBA NBA Summer League Stats,Jeff Adrien,MEM,1,0,0,0,0,0,0,10,0,.099,0.3,0.0,0.4,3,2,.600,-0.1,0.2,0.1
2010-2011 NBA NBA Summer League Stats,Gani Lawal,PHX,1,0,0,0,0,0,0,18,0,.200,0.1,0.2,0.7,1,4,.200,0.0,0.0,0.1
2010-2011 NBA NBA Summer League Stats,Kim Tillie,GSW,1,0,0,0,0,0,0,13,0,.145,0.3,0.9,0.5,3,2,.600,0.2,0.3,0.5
2010-2011 NBA NBA Summer League Stats,Mac Koshwal,DET,1,0,0,0,0,0,0,10,0,.090,0.6,0.6,1.2,2,3,.400,0.1,0.1,0.2
2010-2011 NBA NBA Summer League Stats,Andre Brown,GSW,1,0,0,0,0,0,0,15,0,.107,0.2,0.4,0.3,3,2,.600,0.0,0.2,0.3
2010-2011 NBA NBA Summer League Stats,Tasmin Mitchell,CLE,1,0,0,0,0,0,0,11,0,.096,0.8,1.5,0.4,3,2,.600,0.2,0.2,0.4
2010-2011 NBA NBA Summer League Stats,Darryl Watkins,SAS,1,0,0,0,0,0,0,10,0,.056,0.4,1.0,1.2,5,0,1.000,0.2,0.4,0.6
2010-2011 NBA NBA Summer League Stats,Craig Brackins,NOP,1,0,0,0,0,0,0,12,0,.136,0.3,0.3,0.3,0,5,.000,0.2,0.0,0.2
2010-2011 NBA NBA Summer League Stats,Darryl Watkins,SAS,1,0,0,0,0,0,0,10,0,.046,0.4,1.0,1.4,5,1,.833,0.2,0.3,0.5
2010-2011 NBA NBA Summer League Stats,Jeff Ayres,POR,1,0,0,0,0,0,0,11,2,.184,0.6,0.3,0.3,3,1,.750,-0.2,0.4,0.2
2010-2011 NBA NBA Summer League Stats,Earl Clark,PHX,1,0,0,0,0,0,0,18,0,.220,0.4,0.1,0.4,1,4,.200,-0.1,0.0,-0.2
2010-2011 NBA NBA Summer League Stats,DeAndre Jordan,LAC,1,0,0,0,0,0,1,12,0,.190,0.1,0.1,1.2,1,3,.250,-0.3,0.2,-0.1
2010-2011 NBA NBA Summer League Stats,David Monds,CLE,1,0,0,0,0,0,0,14,0,.089,0.3,0.3,0.6,2,2,.500,0.1,0.1,0.2
2010-2011 NBA NBA Summer League Stats,Sean Williams,MIL,1,0,0,0,0,0,0,16,0,.106,0.0,0.1,0.6,1,4,.200,0.0,0.1,0.1
2012-2013 NBA NBA Summer League Stats,Malcolm Thomas,CHI,4,0,0,0,0,0,0,21,0,.238,0.9,0.0,0.3,1,4,.200,0.5,0.1,0.6
2012-2013 NBA NBA Summer League Stats,Markieff Morris,PHX,2,0,0,0,0,0,1,25,2,.286,0.8,0.3,0.4,2,3,.400,0.6,0.1,0.8
2012-2013 NBA NBA Summer League Stats,Bernard James,DAL,2,0,0,0,0,0,1,13,0,.158,0.0,1.4,0.2,4,1,.800,0.4,0.5,0.9
2012-2013 NBA NBA Summer League Stats,Tobias Harris,MIL,2,0,0,0,0,0,0,24,0,.304,0.5,0.2,0.3,4,1,.800,0.5,0.3,0.8
2012-2013 NBA NBA Summer League Stats,Ed Davis,TOR,2,0,0,0,0,0,0,23,0,.200,0.3,0.0,0.8,2,3,.400,0.5,0.1,0.6
2012-2013 NBA NBA Summer League Stats,Eric Dawson,SAS,2,0,0,0,0,0,0,12,0,.140,1.0,0.8,0.1,2,3,.400,0.2,0.2,0.4
2012-2013 NBA NBA Summer League Stats,Royce White,HOU,2,0,0,0,0,0,0,15,1,.202,1.1,0.1,0.3,4,1,.800,0.0,0.2,0.2
2012-2013 NBA NBA Summer League Stats,Thomas Robinson,SAC,2,0,0,0,0,0,0,19,0,.248,0.6,0.2,0.6,2,3,.400,-0.5,0.1,-0.4
2012-2013 NBA NBA Summer League Stats,Shavlik Randolph,WAS,2,0,0,0,0,0,0,16,0,.096,0.0,0.0,0.3,3,1,.750,0.1,0.1,0.2
2012-2013 NBA NBA Summer League Stats,Terrence Jones,HOU,1,0,0,0,0,0,0,24,0,.236,1.4,0.2,0.4,4,1,.800,0.8,0.2,1.0
2012-2013 NBA NBA Summer League Stats,Kemba Walker,CHA,1,0,0,0,0,0,0,19,1,.318,5.8,1.8,0.5,4,1,.800,0.6,0.2,0.8
2012-2013 NBA NBA Summer League Stats,Keith Benson,ATL,1,0,0,0,0,0,0,20,0,.194,0.5,1.0,0.4,2,3,.400,0.5,0.2,0.7
2012-2013 NBA NBA Summer League Stats,Donatas Motiejunas,HOU,1,0,0,0,0,0,0,25,0,.217,0.4,0.4,0.3,3,1,.750,0.5,0.2,0.7
2012-2013 NBA NBA Summer League Stats,Lance Thomas,NOP,1,0,0,0,0,0,0,22,0,.218,1.0,0.7,0.6,1,4,.200,0.6,0.2,0.8
2012-2013 NBA NBA Summer League Stats,Tyler Zeller,CLE,1,0,0,0,0,0,0,19,0,.150,0.3,0.7,0.5,3,2,.600,0.6,0.3,0.8
2012-2013 NBA NBA Summer League Stats,Chris Singleton,WAS,1,0,0,0,0,0,0,20,1,.186,0.5,0.9,0.7,3,2,.600,0.2,0.4,0.5
2012-2013 NBA NBA Summer League Stats,Meyers Leonard,POR,1,0,0,0,0,0,0,14,0,.136,0.5,0.2,0.7,3,1,.750,0.4,0.0,0.5
2012-2013 NBA NBA Summer League Stats,Luke Babbitt,POR,1,0,0,0,0,0,0,19,0,.200,1.3,0.7,0.3,3,1,.750,0.4,0.0,0.4
2012-2013 NBA NBA Summer League Stats,Mike Harris,MIN,1,0,0,0,0,0,0,22,0,.164,1.0,0.1,0.4,4,1,.800,0.3,0.2,0.5
2012-2013 NBA NBA Summer League Stats,Andre Emmett,SEL,1,0,0,0,0,0,0,18,0,.225,1.3,0.7,0.5,2,3,.400,0.3,0.1,0.3
2012-2013 NBA NBA Summer League Stats,Denzel Bowles,NOP,1,0,0,0,0,0,0,18,0,.137,0.4,0.2,0.2,1,4,.200,0.2,0.1,0.3
2012-2013 NBA NBA Summer League Stats,Jared Sullinger,BOS,1,0,0,0,0,0,0,16,0,.126,0.2,0.6,0.6,2,3,.400,-0.1,0.2,0.2
2012-2013 NBA NBA Summer League Stats,Robert Sacre,LAL,1,0,0,0,0,0,0,14,0,.161,0.6,0.2,0.5,1,4,.200,0.1,-0.1,0.0
2012-2013 NBA NBA Summer League Stats,Kenneth Faried,DEN,1,0,0,0,0,0,1,16,0,.179,0.4,0.3,0.4,1,2,.333,0.0,0.1,0.0
2012-2013 NBA NBA Summer League Stats,Kendall Marshall,PHX,1,0,0,0,0,0,0,15,0,.325,2.0,0.5,0.1,1,3,.250,-0.2,-0.1,-0.2
2012-2013 NBA NBA Summer League Stats,Jarrid Famous,MIL,1,0,0,0,0,0,0,13,0,.104,0.2,0.0,0.4,3,1,.750,0.2,0.2,0.4
2012-2013 NBA NBA Summer League Stats,Drew Gordon,DAL,1,0,0,0,0,0,0,10,0,.082,0.4,1.0,0.2,4,1,.800,-0.1,0.3,0.2
2012-2013 NBA NBA Summer League Stats,Larry Sanders,MIL,1,0,0,0,0,0,0,11,0,.122,0.3,0.1,0.3,2,1,.667,-0.2,0.2,0.0
2013-2014 NBA NBA Summer League Stats,Jack Cooley,MEM,3,0,0,0,0,0,0,20,0,.251,0.4,0.4,0.2,2,4,.333,0.7,0.2,0.8
2013-2014 NBA NBA Summer League Stats,Thomas Robinson,POR,3,0,0,0,0,0,0,14,1,.183,0.4,0.3,0.5,1,4,.200,-0.1,0.3,0.2
2013-2014 NBA NBA Summer League Stats,Draymond Green,GSW,2,0,0,0,0,0,0,18,1,.210,0.6,0.7,0.4,7,0,1.000,-0.2,0.8,0.6
2013-2014 NBA NBA Summer League Stats,Jonas Valanciunas,TOR,2,0,0,0,0,0,0,23,0,.268,0.4,0.1,0.8,3,1,.750,0.5,0.3,0.8
2013-2014 NBA NBA Summer League Stats,John Henson,MIL,2,0,0,0,0,0,0,19,0,.237,0.1,0.1,0.5,1,2,.333,0.1,0.2,0.3
2013-2014 NBA NBA Summer League Stats,Malcolm Thomas,CHI,2,0,0,1,0,0,0,13,0,.183,0.2,0.2,0.4,2,1,.667,0.1,0.3,0.4
2013-2014 NBA NBA Summer League Stats,Cody Zeller,CHA,2,0,0,0,0,0,0,21,0,.269,0.4,0.1,0.4,3,1,.750,0.2,0.3,0.5
2013-2014 NBA NBA Summer League Stats,Matt Howard,MEM,2,0,0,0,0,0,0,12,0,.099,0.9,0.3,0.7,2,4,.333,0.3,0.1,0.4
2013-2014 NBA NBA Summer League Stats,Aron Baynes,SAS,2,0,0,0,0,0,0,19,1,.200,0.1,0.1,0.2,2,2,.500,0.0,0.2,0.2
2013-2014 NBA NBA Summer League Stats,Markieff Morris,PHX,1,0,0,0,0,0,0,22,3,.214,0.7,0.5,0.3,6,1,.857,0.6,0.2,0.8
2013-2014 NBA NBA Summer League Stats,Jan Vesely,WAS,1,0,0,0,0,0,0,18,1,.232,0.5,0.6,0.3,2,3,.400,0.3,0.3,0.6
2013-2014 NBA NBA Summer League Stats,Mike Scott,ATL,1,0,0,0,0,0,0,27,0,.241,0.5,0.2,0.5,1,4,.200,0.6,0.1,0.7
2013-2014 NBA NBA Summer League Stats,Jarvis Varnado,MIA,1,0,0,0,0,0,1,13,0,.120,0.1,0.4,0.3,4,2,.667,0.1,0.5,0.6
2013-2014 NBA NBA Summer League Stats,Chris Johnson,MIN,1,0,0,0,0,0,0,11,0,.144,0.9,0.1,0.8,3,3,.500,0.2,0.3,0.5
2013-2014 NBA NBA Summer League Stats,Ray McCallum,SAC,1,0,0,0,0,1,0,23,0,.310,1.7,0.9,0.7,1,4,.200,0.1,0.2,0.4
2013-2014 NBA NBA Summer League Stats,Arinze Onuaku,PHX,1,0,0,0,0,0,0,13,0,.103,0.1,0.1,0.3,6,1,.857,0.1,0.1,0.2
2013-2014 NBA NBA Summer League Stats,Meyers Leonard,POR,1,0,0,0,0,0,0,15,2,.211,0.5,0.0,0.2,1,4,.200,0.4,0.1,0.4
2013-2014 NBA NBA Summer League Stats,Erik Murphy,CHI,1,0,0,0,0,0,0,19,0,.203,0.8,0.1,0.1,4,1,.800,0.5,0.1,0.6
2013-2014 NBA NBA Summer League Stats,Samardo Samuels,LAC,1,0,0,0,0,0,0,16,0,.159,0.5,0.2,1.0,1,4,.200,0.4,0.1,0.4
2013-2014 NBA NBA Summer League Stats,Jeremy Tyler,NYK,1,0,0,0,0,0,0,20,1,.190,0.2,0.1,0.3,2,3,.400,0.3,0.0,0.4
2013-2014 NBA NBA Summer League Stats,Dwight Buycks,TOR,1,0,0,0,0,0,0,28,0,.371,1.2,0.3,0.5,2,1,.667,0.4,0.1,0.5
2013-2014 NBA NBA Summer League Stats,Damion James,MIA,1,0,0,0,0,0,0,13,1,.168,0.6,0.5,0.2,4,3,.571,-0.3,0.4,0.1
2013-2014 NBA NBA Summer League Stats,Quincy Acy,TOR,1,0,0,0,0,0,0,28,1,.208,0.3,0.3,0.4,3,2,.600,0.1,0.3,0.4
2013-2014 NBA NBA Summer League Stats,Lance Thomas,NOP,1,0,0,0,0,0,0,14,0,.116,0.1,0.4,0.5,1,3,.250,0.2,0.1,0.3
2013-2014 NBA NBA Summer League Stats,Brian Butch,SEL,1,0,0,0,0,0,0,18,0,.115,0.4,0.4,0.7,4,1,.800,0.3,0.2,0.4
2013-2014 NBA NBA Summer League Stats,Tyler Zeller,CLE,1,0,0,0,0,0,0,15,0,.172,0.0,0.2,0.4,3,1,.750,0.0,0.5,0.4
2013-2014 NBA NBA Summer League Stats,Jamie Skeen,CHA,1,0,0,0,0,0,0,12,0,.095,1.0,6.0,0.3,2,1,.667,0.2,0.2,0.3
2013-2014 NBA NBA Summer League Stats,Drew Gordon,SAC,1,0,0,0,0,0,0,17,2,.119,0.4,0.2,0.4,1,4,.200,-0.3,0.1,-0.1
2013-2014 NBA NBA Summer League Stats,Victor Claver,POR,1,0,0,0,0,0,0,10,0,.105,1.0,0.8,0.3,1,3,.250,-0.1,0.2,0.1
2014-2015 NBA NBA Summer League Stats,Donatas Motiejunas,HOU,3,0,0,0,0,0,0,21,0,.280,0.4,0.1,0.4,5,3,.625,0.9,0.5,1.4
2014-2015 NBA NBA Summer League Stats,Josh Davis,CHA,3,0,0,0,0,0,0,18,0,.165,0.9,0.5,0.8,3,4,.429,0.6,0.3,0.9
2014-2015 NBA NBA Summer League Stats,Gorgui Dieng,MIN,3,0,0,0,0,0,0,15,0,.181,0.4,0.7,0.4,2,4,.333,0.2,0.2,0.4
2014-2015 NBA NBA Summer League Stats,Noah Vonleh,CHA,3,0,0,0,0,0,0,14,0,.136,0.2,0.1,0.4,3,4,.429,-0.4,0.3,-0.1
2014-2015 NBA NBA Summer League Stats,Glen Rice,WAS,2,0,0,0,0,1,0,36,2,.360,0.8,0.8,0.7,5,1,.833,1.1,0.7,1.8
2014-2015 NBA NBA Summer League Stats,Tyler Honeycutt,MIA,2,0,0,0,0,0,0,16,0,.221,0.8,0.2,0.4,2,4,.333,0.2,0.1,0.3
2014-2015 NBA NBA Summer League Stats,Devin Ebanks,SEL,2,0,0,0,0,0,0,23,0,.187,0.6,0.4,0.6,3,3,.500,0.3,0.1,0.5
2014-2015 NBA NBA Summer League Stats,Miles Plumlee,PHX,2,0,0,0,0,0,0,15,0,.137,0.5,0.6,0.3,2,2,.500,-0.1,0.3,0.2
2014-2015 NBA NBA Summer League Stats,Jabari Parker,MIL,2,0,0,0,0,0,0,20,0,.246,0.3,0.2,0.5,1,4,.200,-0.2,0.2,0.0
2014-2015 NBA NBA Summer League Stats,Ray McCallum,SAC,1,0,0,0,0,0,0,29,0,.306,1.9,0.2,0.4,6,1,.857,0.8,0.3,1.1
2014-2015 NBA NBA Summer League Stats,Mike Muscala,ATL,1,0,0,0,0,0,0,16,0,.216,0.6,0.3,0.5,2,4,.333,0.5,0.3,0.8
2014-2015 NBA NBA Summer League Stats,Austin Daye,SAS,1,0,0,0,0,0,0,27,0,.253,1.6,0.5,0.4,4,2,.667,0.5,0.3,0.8
2014-2015 NBA NBA Summer League Stats,Rudy Gobert,UTA,1,0,0,0,0,0,1,13,1,.178,0.3,0.1,0.7,2,2,.500,0.4,0.3,0.6
2014-2015 NBA NBA Summer League Stats,Bernard James,DAL,1,0,0,0,0,0,0,21,0,.207,0.4,0.9,0.6,2,2,.500,0.5,0.3,0.8
2014-2015 NBA NBA Summer League Stats,Malcolm Thomas,UTA,1,0,0,0,0,0,0,16,0,.248,1.3,0.4,0.2,3,2,.600,0.3,0.3,0.6
2014-2015 NBA NBA Summer League Stats,Russ Smith,NOP,1,0,0,0,0,0,0,21,0,.425,1.5,0.3,0.2,2,3,.400,0.3,-0.1,0.2
2014-2015 NBA NBA Summer League Stats,T.J. Warren,PHX,1,0,0,0,0,0,0,28,1,.264,0.2,0.8,0.3,2,3,.400,0.6,0.1,0.7
2014-2015 NBA NBA Summer League Stats,Justin Holiday,GSW,1,0,0,0,0,0,0,29,0,.225,0.4,0.3,0.3,2,3,.400,0.4,0.3,0.7
2014-2015 NBA NBA Summer League Stats,Daniel Theis,WAS,1,0,0,0,0,0,1,10,0,.094,0.4,0.4,1.1,4,1,.800,0.2,0.3,0.5
2014-2015 NBA NBA Summer League Stats,Will Barton,POR,1,0,0,0,0,0,0,17,0,.311,0.8,0.3,0.2,2,3,.400,-0.1,0.3,0.1
2014-2015 NBA NBA Summer League Stats,Jerrelle Benimon,DEN,1,0,0,0,0,0,0,17,0,.229,1.0,0.2,0.2,0,3,.000,0.2,0.0,0.3
2014-2015 NBA NBA Summer League Stats,Shane Edwards,CLE,1,0,0,0,0,0,0,14,0,.089,0.4,0.6,1.0,4,1,.800,0.4,0.1,0.5
2014-2015 NBA NBA Summer League Stats,Shabazz Muhammad,MIN,1,0,0,0,0,0,0,27,1,.218,0.4,0.5,0.5,1,4,.200,0.5,-0.1,0.3
2014-2015 NBA NBA Summer League Stats,Cleanthony Early,NYK,1,0,0,0,0,0,0,15,0,.204,1.3,0.3,0.4,3,1,.750,0.4,0.2,0.6
2014-2015 NBA NBA Summer League Stats,Patric Young,NOP,1,0,0,0,0,0,0,11,2,.098,0.0,0.1,0.5,2,3,.400,0.1,-0.1,0.0
2014-2015 NBA NBA Summer League Stats,Larry Drew,MIA,1,0,0,0,0,0,0,12,0,.182,1.7,0.8,0.1,2,4,.333,0.1,0.1,0.2
2014-2015 NBA NBA Summer League Stats,Thomas Robinson,POR,1,0,0,0,0,1,0,17,0,.241,0.8,0.9,0.9,2,1,.667,0.1,0.3,0.4
2014-2015 NBA NBA Summer League Stats,Johnny O'Bryant,MIL,1,0,0,0,0,0,0,10,0,.119,0.3,0.4,0.6,1,4,.200,0.1,0.1,0.2
2014-2015 NBA NBA Summer League Stats,Anthony Bennett,CLE,1,0,0,0,0,0,0,15,0,.207,0.3,0.3,0.3,3,1,.750,0.0,0.2,0.2
2014-2015 NBA NBA Summer League Stats,DeAndre Daniels,TOR,1,0,0,0,0,0,0,16,0,.162,0.1,0.2,0.2,2,3,.400,-0.1,0.1,0.0
2014-2015 NBA NBA Summer League Stats,Jamelle Hagins,PHI,1,0,0,0,0,0,0,10,0,.076,0.2,0.4,0.0,2,3,.400,0.0,0.1,0.1
2015-2016 NBA NBA Summer League Stats,Jordan Mickey,BOS,3,0,0,0,0,0,0,18,0,.218,0.6,0.7,0.5,4,1,.800,0.6,0.3,0.8
2015-2016 NBA NBA Summer League Stats,Jeremy Tyler,DAL,3,0,0,0,0,0,0,25,2,.162,0.1,0.5,0.3,2,4,.333,0.4,0.1,0.5
2015-2016 NBA NBA Summer League Stats,Alan Williams,HOU,2,0,0,1,0,0,0,27,1,.262,8.0,4.0,0.5,2,2,.500,0.9,0.0,0.9
2015-2016 NBA NBA Summer League Stats,Greg Whittington,MIA,2,0,0,0,0,0,0,18,0,.250,1.4,0.9,0.2,1,4,.200,0.7,0.2,0.8
2015-2016 NBA NBA Summer League Stats,Bobby Portis,CHI,2,0,0,0,0,0,0,25,1,.188,0.2,0.4,0.3,3,3,.500,0.3,0.3,0.6
2015-2016 NBA NBA Summer League Stats,Shawn Jones,WAS,2,0,0,0,0,0,0,14,0,.153,0.6,0.3,0.4,3,3,.500,0.6,0.1,0.6
2015-2016 NBA NBA Summer League Stats,Jarrid Famous,WAS,2,0,0,0,0,0,0,21,0,.119,0.3,0.4,0.9,2,3,.400,0.5,0.0,0.6
2015-2016 NBA NBA Summer League Stats,Joffrey Lauvergne,DEN,2,0,0,0,0,0,0,13,1,.160,0.6,0.2,0.3,3,1,.750,0.4,0.1,0.5
2015-2016 NBA NBA Summer League Stats,Karl-Anthony Towns,MIN,2,0,0,0,0,0,0,20,0,.231,0.6,0.2,0.6,1,4,.200,0.0,0.2,0.2
2015-2016 NBA NBA Summer League Stats,Dwight Powell,DAL,1,0,0,0,0,0,0,25,0,.276,1.5,0.6,0.5,2,4,.333,0.8,0.1,0.9
2015-2016 NBA NBA Summer League Stats,Khem Birch,NOP,1,0,0,0,0,0,2,13,0,.127,0.5,0.2,0.6,5,1,.833,0.5,0.2,0.7
2015-2016 NBA NBA Summer League Stats,Lucas Nogueira,TOR,1,0,0,0,0,0,0,11,1,.187,0.9,0.4,0.4,3,2,.600,0.2,0.5,0.7
2015-2016 NBA NBA Summer League Stats,Malcolm Thomas,POR,1,0,0,0,0,0,0,15,0,.172,0.5,0.5,0.6,3,3,.500,0.7,0.1,0.9
2015-2016 NBA NBA Summer League Stats,Erick Green,DEN,1,0,0,0,0,0,0,17,0,.301,10.0,4.5,0.2,3,2,.600,0.9,0.1,1.0
2015-2016 NBA NBA Summer League Stats,Kevon Looney,GSW,1,0,0,0,0,0,0,13,0,.183,3.0,1.5,0.1,3,3,.500,0.3,0.3,0.6
2015-2016 NBA NBA Summer League Stats,Jonathan Holmes,BOS,1,0,0,0,0,0,0,15,0,.183,0.9,0.7,0.3,4,1,.800,0.8,0.1,0.9
2015-2016 NBA NBA Summer League Stats,Mike Muscala,ATL,1,0,0,0,0,0,0,15,0,.206,1.0,0.5,0.3,4,2,.667,0.1,0.5,0.5
2015-2016 NBA NBA Summer League Stats,"Kelly Oubre, Jr.",WAS,1,0,0,0,0,0,0,30,0,.232,0.7,0.9,0.5,3,3,.500,0.4,0.1,0.6
2015-2016 NBA NBA Summer League Stats,Adreian Payne,MIN,1,0,0,0,0,0,0,18,1,.239,0.7,0.5,0.5,1,4,.200,0.2,0.2,0.5
2015-2016 NBA NBA Summer League Stats,Edy Tavares,ATL,1,0,0,0,0,0,2,12,0,.120,0.2,0.2,0.3,3,3,.500,0.2,0.3,0.5
2015-2016 NBA NBA Summer League Stats,Noah Vonleh,POR,1,0,0,0,0,0,0,20,1,.208,0.4,0.1,0.5,2,2,.500,0.7,0.0,0.7
2015-2016 NBA NBA Summer League Stats,Willie Reed,BRK,1,0,0,0,0,0,0,11,0,.173,0.9,0.1,0.3,3,2,.600,0.3,0.1,0.5
2015-2016 NBA NBA Summer League Stats,Montrezl Harrell,HOU,1,0,0,0,0,0,0,24,1,.229,0.8,0.8,0.5,1,3,.250,0.4,0.0,0.4
2015-2016 NBA NBA Summer League Stats,Cameron Bairstow,CHI,1,0,0,0,0,0,1,14,0,.138,0.5,1.2,0.0,3,2,.600,0.0,0.3,0.4
2015-2016 NBA NBA Summer League Stats,Tarik Black,LAL,1,0,0,0,0,0,0,16,0,.140,0.0,0.4,0.6,1,4,.200,0.4,0.2,0.6
2015-2016 NBA NBA Summer League Stats,Ronald Roberts,TOR,1,0,0,0,0,0,0,14,0,.175,0.3,0.2,0.4,3,1,.750,0.1,0.3,0.4
2015-2016 NBA NBA Summer League Stats,Orlando Johnson,WAS,1,0,0,0,0,0,0,16,0,.169,1.5,0.8,0.4,3,3,.500,0.3,0.0,0.3
2015-2016 NBA NBA Summer League Stats,Nikola Jokic,DEN,1,0,0,0,0,0,0,11,0,.147,0.5,0.3,0.2,3,2,.600,0.0,0.2,0.1
2015-2016 NBA NBA Summer League Stats,Vince Hunter,PHI,1,0,0,0,0,0,0,23,0,.119,0.6,0.6,0.6,1,3,.250,0.2,0.1,0.3
2015-2016 NBA NBA Summer League Stats,Jerrelle Benimon,CLE,1,0,0,0,0,0,0,11,0,.112,0.1,0.2,0.5,2,3,.400,-0.1,0.1,0.1
2015-2016 NBA NBA Summer League Stats,Emmanuel Mudiay,DEN,1,0,0,0,0,0,0,19,0,.328,1.2,0.3,0.2,3,1,.750,-0.3,0.2,-0.1
2015-2016 NBA NBA Summer League Stats,Jahlil Okafor,PHI,1,0,0,0,0,0,0,19,0,.347,0.3,0.0,0.6,0,2,.000,-0.1,0.1,0.0
2016-2017 NBA NBA Summer League Stats,Alan Williams,PHX,4,0,0,0,0,0,0,18,2,.168,0.5,0.5,0.6,4,2,.667,0.6,0.3,1.0
2016-2017 NBA NBA Summer League Stats,Tyus Jones,MIN,3,0,0,0,0,0,0,29,0,.457,2.0,0.4,0.5,4,4,.500,1.5,0.0,1.5
2016-2017 NBA NBA Summer League Stats,Adreian Payne,MIN,3,0,0,0,0,0,0,22,0,.226,0.4,0.3,0.4,4,4,.500,0.3,0.1,0.4
2016-2017 NBA NBA Summer League Stats,Cheick Diallo,NOP,3,0,0,0,0,0,0,14,0,.175,0.3,0.7,0.2,1,4,.200,0.4,0.2,0.6
2016-2017 NBA NBA Summer League Stats,Noah Vonleh,POR,3,0,0,0,0,0,0,16,1,.220,0.5,0.3,0.2,1,3,.250,0.1,0.1,0.1
2016-2017 NBA NBA Summer League Stats,Bobby Portis,CHI,2,0,0,0,0,0,0,26,1,.278,0.6,0.8,0.1,7,0,1.000,1.0,0.4,1.3
2016-2017 NBA NBA Summer League Stats,Juancho Hernangomez,DEN,2,0,0,0,0,0,0,14,0,.170,1.8,0.6,0.6,3,2,.600,0.7,0.2,0.9
2016-2017 NBA NBA Summer League Stats,Thon Maker,MIL,2,0,0,0,0,0,0,17,0,.155,0.0,0.4,0.4,1,4,.200,0.4,0.1,0.4
2016-2017 NBA NBA Summer League Stats,Cristiano Felicio,CHI,1,0,0,0,0,0,0,18,0,.217,1.9,0.4,0.4,7,0,1.000,1.2,0.2,1.4
2016-2017 NBA NBA Summer League Stats,Edy Tavares,ATL,1,0,0,0,0,0,2,14,1,.139,0.2,0.4,0.5,4,2,.667,0.5,0.4,0.9
2016-2017 NBA NBA Summer League Stats,Joel Bolomboy,UTA,1,0,0,0,0,0,0,20,0,.189,1.3,0.7,0.2,3,3,.500,0.5,0.1,0.7
2016-2017 NBA NBA Summer League Stats,Ivica Zubac,LAL,1,0,0,0,0,0,1,16,0,.156,0.2,0.2,0.3,3,2,.600,0.6,0.2,0.9
2016-2017 NBA NBA Summer League Stats,Denzel Valentine,CHI,1,0,0,0,0,0,0,15,1,.236,1.4,0.8,0.1,7,0,1.000,0.1,0.4,0.5
2016-2017 NBA NBA Summer League Stats,D'Angelo Russell,LAL,1,0,0,0,0,0,0,26,0,.416,0.9,0.3,0.3,3,1,.750,0.5,0.3,0.8
2016-2017 NBA NBA Summer League Stats,Jerian Grant,CHI,1,0,0,0,0,0,0,24,0,.264,2.1,0.5,0.3,7,0,1.000,0.5,0.1,0.6
2016-2017 NBA NBA Summer League Stats,"Larry Nance, Jr.",LAL,1,0,0,0,0,1,0,13,0,.168,0.5,1.0,0.5,3,1,.750,0.0,0.5,0.5
2016-2017 NBA NBA Summer League Stats,Ognen Kuzmic,GSW,1,0,0,0,0,0,0,13,0,.137,0.9,0.5,0.6,2,3,.400,0.2,0.3,0.5
2016-2017 NBA NBA Summer League Stats,Justin Anderson,DAL,1,0,0,0,0,0,0,29,0,.273,0.9,0.3,0.3,2,3,.400,0.4,0.2,0.6
2016-2017 NBA NBA Summer League Stats,Chris McCullough,BRK,1,0,0,0,0,0,0,16,0,.149,0.3,0.7,0.4,3,2,.600,0.0,0.3,0.3
2016-2017 NBA NBA Summer League Stats,Jaylen Brown,BOS,1,0,0,0,0,1,0,25,0,.215,0.5,1.3,0.7,1,4,.200,0.2,0.2,0.4
2016-2017 NBA NBA Summer League Stats,Shawn Long,PHI,1,0,0,0,0,0,0,21,0,.121,0.2,0.2,0.3,2,4,.333,0.5,0.2,0.7
2016-2017 NBA NBA Summer League Stats,Okaro White,MIA,1,0,0,0,0,0,0,17,0,.163,1.2,0.8,0.4,3,2,.600,0.3,0.1,0.4
2016-2017 NBA NBA Summer League Stats,Ben Simmons,PHI,1,0,0,0,0,0,0,18,0,.388,1.0,0.3,0.5,1,3,.250,-0.2,0.3,0.1
2016-2017 NBA NBA Summer League Stats,Jordan Mickey,BOS,1,0,0,0,0,0,0,18,0,.162,0.2,0.4,0.7,1,4,.200,0.1,0.2,0.2
2016-2017 NBA NBA Summer League Stats,Jameel McKay,NOP,1,0,0,0,0,0,0,16,0,.107,0.0,0.0,0.4,0,3,.000,0.2,0.0,0.2
2016-2017 NBA NBA Summer League Stats,Kenny Gabriel,CLE,1,0,0,0,0,0,0,12,0,.114,0.3,0.4,0.0,4,3,.571,0.1,0.1,0.2
2016-2017 NBA NBA Summer League Stats,Marquese Chriss,PHX,1,0,0,0,0,0,0,15,0,.140,0.1,0.1,0.4,2,1,.667,-0.3,0.1,-0.1
2017-2018 NBA NBA Summer League Stats,Caleb Swanigan,POR,5,0,0,0,0,0,0,25,2,.275,0.8,0.5,0.3,5,3,.625,0.6,0.4,1.0
2017-2018 NBA NBA Summer League Stats,Lonzo Ball,LAL,4,2,0,0,0,2,0,36,0,.423,2.4,0.7,0.3,4,2,.667,0.4,0.2,0.7
2017-2018 NBA NBA Summer League Stats,Cheick Diallo,NOP,3,0,0,0,0,0,0,27,0,.245,0.4,0.4,0.4,1,4,.200,0.7,0.1,0.8
2017-2018 NBA NBA Summer League Stats,Matt Costello,MIN,3,0,0,0,0,0,0,14,0,.231,2.5,1.8,0.5,3,1,.750,0.6,0.4,0.9
2017-2018 NBA NBA Summer League Stats,Jakob Poeltl,TOR,3,0,0,0,0,0,0,17,0,.200,0.8,0.8,0.2,3,1,.750,0.6,0.1,0.7
2017-2018 NBA NBA Summer League Stats,Kyle Kuzma,LAL,2,0,0,0,0,0,0,31,0,.300,1.1,0.4,0.2,5,2,.714,0.9,0.1,1.0
2017-2018 NBA NBA Summer League Stats,Jarnell Stokes,POR,2,0,0,0,0,0,0,22,1,.211,0.7,0.8,0.4,4,3,.571,0.8,0.2,1.0
2017-2018 NBA NBA Summer League Stats,John Collins,ATL,2,0,0,0,0,0,0,25,0,.240,1.0,0.8,0.3,3,2,.600,0.7,0.3,1.0
2017-2018 NBA NBA Summer League Stats,Ante Zizic,BOS,2,0,0,0,0,0,0,14,0,.142,0.7,0.3,1.0,4,0,1.000,0.3,0.3,0.6
2017-2018 NBA NBA Summer League Stats,Wade Baldwin IV,MEM,2,0,0,0,0,0,0,21,1,.225,1.1,0.4,0.5,5,1,.833,0.3,0.2,0.5
2017-2018 NBA NBA Summer League Stats,Jack Cooley,SAC,2,0,0,0,0,0,0,13,0,.112,0.3,1.7,0.8,1,4,.200,0.6,0.1,0.7
2017-2018 NBA NBA Summer League Stats,Eric Griffin,UTA,2,0,0,0,0,0,0,18,0,.193,0.5,0.5,0.5,1,3,.250,0.0,0.3,0.3
2017-2018 NBA NBA Summer League Stats,Josh Jackson,PHX,1,0,0,0,0,0,0,21,1,.264,0.6,0.4,0.3,2,3,.400,0.1,0.2,0.3
2017-2018 NBA NBA Summer League Stats,Torrey Craig,DEN,1,0,0,0,0,0,0,27,0,.164,1.3,0.8,0.4,2,4,.333,0.5,0.2,0.7
2017-2018 NBA NBA Summer League Stats,Ivica Zubac,LAL,1,0,0,0,0,0,0,21,0,.133,0.5,0.2,0.5,6,2,.750,0.2,0.1,0.3
2017-2018 NBA NBA Summer League Stats,Rondae Hollis-Jefferson,BRK,1,0,0,0,0,0,0,15,0,.164,0.7,0.3,0.4,3,2,.600,0.2,0.3,0.5
2017-2018 NBA NBA Summer League Stats,"Robert Carter, Jr.",DEN,1,0,0,0,0,0,0,17,0,.175,0.6,0.4,0.3,2,4,.333,0.3,0.1,0.4
2017-2018 NBA NBA Summer League Stats,Vince Hunter,MEM,1,0,0,0,0,0,0,14,0,.120,0.4,2.0,0.4,5,1,.833,0.4,0.3,0.6
2017-2018 NBA NBA Summer League Stats,Daniel Ochefu,WAS,1,0,0,0,0,0,1,13,0,.156,0.8,0.4,0.6,0,5,.000,0.4,0.2,0.5
2017-2018 NBA NBA Summer League Stats,Jonah Bolden,PHI,1,0,0,0,0,0,0,13,1,.142,1.8,1.8,0.3,1,4,.200,0.2,0.1,0.2
2017-2018 NBA NBA Summer League Stats,Olivier Hanlan,SAS,1,0,0,0,0,0,0,16,0,.221,2.0,0.8,0.4,3,2,.600,0.4,0.1,0.5
2017-2018 NBA NBA Summer League Stats,Edy Tavares,CLE,1,0,0,0,0,0,1,12,0,.084,0.3,0.3,0.8,4,1,.800,0.2,0.4,0.5
2017-2018 NBA NBA Summer League Stats,Anthony Gill,CLE,1,0,0,0,0,0,0,13,0,.167,0.7,0.7,0.3,3,1,.750,0.2,0.3,0.6
2017-2018 NBA NBA Summer League Stats,George Papagiannis,SAC,1,0,0,0,0,0,0,17,1,.129,0.6,0.2,0.1,2,4,.333,-0.1,0.2,0.1
2017-2018 NBA NBA Summer League Stats,Kendall Marshall,LAC,1,0,0,0,0,0,0,11,0,.296,2.8,0.2,0.4,2,2,.500,0.2,0.0,0.3
2017-2018 NBA NBA Summer League Stats,Jalen Jones,NOP,1,0,0,0,0,0,0,21,0,.140,0.3,0.3,0.5,1,5,.167,0.2,0.0,0.2
2017-2018 NBA NBA Summer League Stats,Antonio Blakeney,CHI,1,0,0,0,0,0,0,27,0,.235,0.5,0.8,0.5,1,3,.250,0.4,0.1,0.5
2017-2018 NBA NBA Summer League Stats,Lauri Markkanen,CHI,1,0,0,0,0,0,0,20,0,.205,1.5,1.5,0.3,1,2,.333,0.2,0.2,0.3
2017-2018 NBA NBA Summer League Stats,Kevon Looney,GSW,1,0,0,0,0,0,0,11,0,.134,2.5,1.0,0.3,2,3,.400,0.1,0.1,0.2
2017-2018 NBA NBA Summer League Stats,Okaro White,MIA,1,0,0,0,0,0,0,23,0,.256,0.2,0.5,0.3,2,1,.667,0.1,0.2,0.3
2017-2018 NBA NBA Summer League Stats,Alfonzo McKinnie,TOR,1,0,0,0,0,0,0,11,0,.126,1.5,2.0,0.2,3,1,.750,0.1,0.1,0.3
2017-2018 NBA NBA Summer League Stats,Jarell Martin,MEM,1,0,0,0,0,0,0,21,0,.147,0.6,0.9,0.5,5,1,.833,0.3,0.2,0.5
2017-2018 NBA NBA Summer League Stats,Bam Adebayo,MIA,1,0,0,0,0,0,0,18,0,.218,0.4,0.6,0.8,2,1,.667,0.1,0.2,0.4
2017-2018 NBA NBA Summer League Stats,Damian Jones,GSW,1,0,0,0,0,0,0,13,0,.121,0.2,0.2,0.5,2,4,.333,-0.2,0.2,0.0
2017-2018 NBA NBA Summer League Stats,Jayson Tatum,BOS,1,0,0,0,0,0,0,27,0,.256,0.4,0.1,0.3,3,0,1.000,0.1,0.3,0.4
2017-2018 NBA NBA Summer League Stats,Marquese Chriss,PHX,1,0,0,0,0,0,0,26,2,.151,0.2,0.2,0.7,2,3,.400,-0.2,0.1,-0.1
2017-2018 NBA NBA Summer League Stats,Chris McCullough,WAS,1,0,0,0,0,0,0,11,0,.111,0.1,0.1,0.2,0,5,.000,-0.6,0.1,-0.5
2018-2019 NBA NBA Summer League Stats,Christian Wood,MIL,4,0,0,0,0,0,1,27,0,.265,0.2,0.4,0.4,2,3,.400,0.7,0.4,1.1
2018-2019 NBA NBA Summer League Stats,Willy Hernangomez,CHA,4,0,0,0,0,0,0,22,1,.262,0.7,0.3,0.4,3,1,.750,0.5,0.2,0.7
2018-2019 NBA NBA Summer League Stats,Mitchell Robinson,NYK,3,0,0,0,0,0,2,17,0,.183,0.0,5.0,0.2,2,3,.400,0.9,0.1,1.0
2018-2019 NBA NBA Summer League Stats,Caleb Swanigan,POR,2,0,0,0,0,0,0,21,0,.179,1.1,0.1,0.4,7,0,1.000,0.2,0.4,0.6
2018-2019 NBA NBA Summer League Stats,Devin Robinson,WAS,2,0,0,0,0,0,0,26,0,.301,0.9,0.6,0.5,1,4,.200,0.6,0.2,0.9
2018-2019 NBA NBA Summer League Stats,Amile Jefferson,MIN,2,0,0,0,0,0,0,15,0,.162,0.8,0.7,0.3,3,2,.600,0.2,0.5,0.7
2018-2019 NBA NBA Summer League Stats,De'Anthony Melton,HOU,2,0,0,0,0,0,0,26,0,.314,1.3,1.0,0.2,4,1,.800,0.2,0.3,0.5
2018-2019 NBA NBA Summer League Stats,Cheick Diallo,NOP,2,0,0,0,0,0,0,28,0,.241,0.6,0.3,0.6,2,2,.500,0.6,0.0,0.7
2018-2019 NBA NBA Summer League Stats,Deandre Ayton,PHX,2,0,0,0,0,0,0,21,0,.188,0.0,0.3,0.5,3,1,.750,0.3,0.4,0.7
2018-2019 NBA NBA Summer League Stats,Henry Ellenson,DET,2,0,0,0,0,0,0,22,0,.316,0.9,0.3,0.3,3,3,.500,-0.4,0.4,-0.1
2018-2019 NBA NBA Summer League Stats,Ante Zizic,CLE,2,0,0,0,0,0,0,25,0,.441,0.7,0.1,0.2,1,1,.500,0.2,0.2,0.4
2018-2019 NBA NBA Summer League Stats,Wade Baldwin IV,POR,1,0,0,0,0,1,0,20,2,.371,2.7,0.4,0.3,7,0,1.000,0.6,0.4,1.0
2018-2019 NBA NBA Summer League Stats,Thomas Bryant,WAS,1,0,0,0,0,0,0,22,0,.253,0.7,0.4,0.3,1,4,.200,0.5,0.2,0.7
2018-2019 NBA NBA Summer League Stats,Alpha Kaba,ATL,1,0,0,0,0,0,0,14,0,.117,2.5,3.0,0.5,3,2,.600,0.6,0.2,0.7
2018-2019 NBA NBA Summer League Stats,Miles Bridges,CHA,1,0,0,0,0,0,0,20,0,.225,1.5,1.2,0.2,3,2,.600,0.2,0.2,0.4
2018-2019 NBA NBA Summer League Stats,Jeff Ayres,LAL,1,0,0,0,0,0,0,20,2,.153,0.6,0.4,0.4,6,1,.857,0.7,0.3,1.0
2018-2019 NBA NBA Summer League Stats,Jabari Bird,BOS,1,0,0,0,0,0,0,24,0,.303,1.7,1.0,0.3,3,1,.750,0.6,0.1,0.7
2018-2019 NBA NBA Summer League Stats,Rashawn Thomas,OKC,1,0,0,0,0,0,0,23,0,.193,0.3,0.5,0.5,3,2,.600,0.4,0.3,0.7
2018-2019 NBA NBA Summer League Stats,Georges Niang,UTA,1,0,0,0,0,0,0,20,1,.280,1.9,0.5,0.1,2,3,.400,0.4,0.0,0.5
2018-2019 NBA NBA Summer League Stats,Alize Johnson,IND,1,0,0,0,0,0,0,16,0,.179,2.7,0.7,0.4,2,3,.400,0.5,0.1,0.6
2018-2019 NBA NBA Summer League Stats,Zach Auguste,SAC,1,0,0,0,0,0,0,19,0,.176,0.3,0.5,0.5,2,3,.400,0.3,0.3,0.5
2018-2019 NBA NBA Summer League Stats,"Bruce Brown, Jr.",DET,1,0,0,0,0,1,0,15,0,.247,1.6,0.9,0.4,3,3,.500,-0.1,0.4,0.3
2018-2019 NBA NBA Summer League Stats,D.J. Wilson,MIL,1,0,0,0,0,0,0,19,0,.228,1.2,0.8,0.1,2,3,.400,0.2,0.3,0.5
2018-2019 NBA NBA Summer League Stats,Guerschon Yabusele,BOS,1,0,0,0,0,0,0,16,0,.221,1.9,0.6,0.3,4,2,.667,0.5,0.1,0.5
2018-2019 NBA NBA Summer League Stats,Omari Spellman,ATL,1,0,0,0,0,0,0,20,0,.181,1.1,0.8,0.3,2,3,.400,0.1,0.1,0.3
2018-2019 NBA NBA Summer League Stats,Jarrod Jones,MIA,1,0,0,0,0,0,0,31,0,.216,2.0,1.7,0.2,1,3,.250,0.5,0.0,0.5
2018-2019 NBA NBA Summer League Stats,Allonzo Trier,NYK,1,0,0,0,0,0,0,21,0,.280,2.2,0.8,0.5,1,3,.250,0.6,-0.1,0.5
2018-2019 NBA NBA Summer League Stats,Jalen Jones,DAL,1,0,0,0,0,0,0,21,1,.160,1.0,1.3,0.4,3,2,.600,0.5,0.1,0.6
2018-2019 NBA NBA Summer League Stats,"Troy Brown, Jr.",WAS,1,0,0,0,0,0,0,25,0,.322,0.6,0.4,0.2,1,4,.200,-0.1,0.2,0.2
2018-2019 NBA NBA Summer League Stats,Zach Collins,POR,1,0,0,0,0,0,1,13,3,.129,0.5,0.2,0.2,6,0,1.000,0.0,0.4,0.4
2018-2019 NBA NBA Summer League Stats,Rawle Alkins,TOR,1,0,0,0,0,0,0,25,0,.182,1.5,1.0,0.2,2,4,.333,0.2,0.1,0.3
2018-2019 NBA NBA Summer League Stats,Keita Bates-Diop,MIN,1,0,0,0,0,0,0,24,0,.223,0.3,0.4,0.3,3,2,.600,-0.1,0.5,0.4
2018-2019 NBA NBA Summer League Stats,Daniel Hamilton,OKC,1,0,0,0,0,0,0,12,0,.289,1.7,0.2,0.2,3,2,.600,-0.3,0.2,-0.1
2018-2019 NBA NBA Summer League Stats,"Derrick Walton, Jr.",MIA,1,0,0,0,0,0,0,15,0,.341,3.9,1.3,0.3,2,2,.500,0.3,0.1,0.3
2018-2019 NBA NBA Summer League Stats,Chandler Hutchison,CHI,1,0,0,0,0,0,0,16,0,.250,1.1,0.3,0.5,2,3,.400,0.1,0.2,0.3
2018-2019 NBA NBA Summer League Stats,Landry Nnoko,MIA,1,0,0,0,0,0,0,12,0,.121,1.0,1.0,0.6,2,2,.500,0.3,0.1,0.4
2018-2019 NBA NBA Summer League Stats,Isaiah Hartenstein,HOU,1,0,0,0,0,0,0,12,0,.131,0.4,0.4,1.0,3,1,.750,0.2,0.2,0.4
2018-2019 NBA NBA Summer League Stats,Trae Young,ATL,1,0,0,0,0,0,0,24,0,.331,1.8,0.4,0.5,2,2,.500,0.5,0.0,0.5
2018-2019 NBA NBA Summer League Stats,Angel Delgado,LAC,1,0,0,0,0,1,0,14,0,.139,1.2,1.2,0.4,2,3,.400,0.1,0.2,0.3
2018-2019 NBA NBA Summer League Stats,Diamond Stone,UTA,1,0,0,0,0,0,0,17,0,.173,0.5,0.3,0.5,2,2,.500,0.5,0.0,0.5
2018-2019 NBA NBA Summer League Stats,Tyler Dorsey,ATL,1,0,0,0,0,0,0,24,0,.306,2.0,0.8,0.1,1,1,.500,0.2,0.1,0.3
2018-2019 NBA NBA Summer League Stats,Chris Chiozza,WAS,1,0,0,0,0,0,0,10,0,.322,2.1,0.6,0.0,1,4,.200,-0.3,0.2,-0.1
2018-2019 NBA NBA Summer League Stats,Kyle Collinsworth,DAL,1,0,0,0,0,0,0,14,0,.122,1.0,0.5,0.6,3,2,.600,-0.1,0.1,0.0
2018-2019 NBA NBA Summer League Stats,Cedi Osman,CLE,1,0,0,0,0,0,0,25,0,.371,1.5,0.8,0.3,2,0,1.000,0.2,0.3,0.5
2018-2019 NBA NBA Summer League Stats,Harry Giles,SAC,1,0,0,0,0,1,0,17,3,.220,0.6,0.6,0.1,1,3,.250,-0.2,0.2,0.0
2018-2019 NBA NBA Summer League Stats,Frank Mason,SAC,1,0,0,0,0,0,0,12,0,.382,3.0,0.3,0.4,1,2,.333,0.1,0.0,0.1
2018-2019 NBA NBA Summer League Stats,Jarrett Allen,BRK,1,0,0,0,0,0,1,13,0,.141,0.0,0.0,0.1,0,2,.000,0.0,0.1,0.1
2019-2020 NBA NBA Summer League Stats,Brandon Clarke,MEM,3,0,0,0,0,0,0,23,0,.235,2.0,0.3,0.4,5,1,.833,0.9,0.3,1.2
2019-2020 NBA NBA Summer League Stats,Jarrett Allen,BRK,3,0,0,0,0,0,0,30,0,.261,0.5,0.3,0.5,3,2,.600,0.5,0.4,0.9
2019-2020 NBA NBA Summer League Stats,Alize Johnson,IND,3,0,0,0,0,0,0,25,0,.287,1.0,0.7,0.5,1,4,.200,0.6,0.0,0.6
2019-2020 NBA NBA Summer League Stats,"Bruce Brown, Jr.",DET,3,1,0,0,0,0,0,17,0,.394,3.7,0.6,0.4,4,0,1.000,0.6,0.2,0.9
2019-2020 NBA NBA Summer League Stats,R.J. Barrett,NYK,3,0,0,0,0,0,0,21,0,.318,1.7,0.3,0.4,2,2,.500,0.1,0.2,0.3
2019-2020 NBA NBA Summer League Stats,Amile Jefferson,ORL,2,0,0,0,0,0,0,24,0,.260,1.0,1.6,0.2,2,3,.400,0.6,0.3,0.8
2019-2020 NBA NBA Summer League Stats,Chris Boucher,TOR,2,0,0,0,0,0,0,24,0,.279,1.0,0.2,0.8,1,3,.250,0.8,0.2,1.0
2019-2020 NBA NBA Summer League Stats,Daniel Gafford,CHI,2,0,0,0,0,0,1,21,0,.211,0.6,0.6,0.5,2,3,.400,0.7,0.2,0.9
2019-2020 NBA NBA Summer League Stats,Mitchell Robinson,NYK,2,0,0,0,0,0,1,18,1,.205,0.1,0.1,0.5,2,2,.500,0.6,0.2,0.8
2019-2020 NBA NBA Summer League Stats,Kevin Hervey,OKC,2,0,0,0,0,0,0,20,0,.256,1.3,0.7,0.3,3,1,.750,0.3,0.4,0.7
2019-2020 NBA NBA Summer League Stats,Tony Bradley,UTA,2,0,0,0,0,0,0,23,0,.337,1.0,0.4,0.3,2,1,.667,0.4,0.2,0.6
2019-2020 NBA NBA Summer League Stats,Devontae Cacok,LAL,2,0,0,0,0,0,0,17,1,.234,0.5,0.8,0.2,1,4,.200,0.3,0.1,0.4
2019-2020 NBA NBA Summer League Stats,Jarred Vanderbilt,DEN,2,0,0,0,0,0,0,20,0,.227,0.6,0.4,0.3,1,3,.250,0.1,0.2,0.3
2019-2020 NBA NBA Summer League Stats,Kelan Martin,MIN,1,0,0,0,0,0,0,23,1,.180,1.4,1.2,0.2,6,1,.857,0.7,0.4,1.1
2019-2020 NBA NBA Summer League Stats,Duncan Robinson,MIA,1,0,0,0,0,0,0,26,0,.254,1.6,0.8,0.2,3,2,.600,0.6,0.2,0.8
2019-2020 NBA NBA Summer League Stats,Naz Reid,MIN,1,0,0,0,0,0,0,20,0,.203,0.9,0.1,0.3,6,1,.857,0.4,0.3,0.7
2019-2020 NBA NBA Summer League Stats,Robert Williams,BOS,1,0,0,0,0,0,0,16,0,.162,1.6,1.0,0.3,3,1,.750,0.3,0.3,0.6
2019-2020 NBA NBA Summer League Stats,Jock Landale,MIL,1,0,0,0,0,0,0,25,1,.250,0.8,0.5,0.3,2,2,.500,0.6,0.2,0.8
2019-2020 NBA NBA Summer League Stats,Chris Chiozza,HOU,1,0,0,0,0,0,0,15,0,.302,2.1,0.5,0.3,3,2,.600,0.5,-0.1,0.4
2019-2020 NBA NBA Summer League Stats,Chris Clemons,HOU,1,0,0,0,0,0,0,25,0,.253,0.9,0.7,0.2,3,2,.600,0.5,-0.1,0.5
2019-2020 NBA NBA Summer League Stats,Kenrich Williams,NOP,1,0,0,0,0,0,0,17,0,.188,1.1,1.1,0.0,3,1,.750,0.2,0.3,0.5
2019-2020 NBA NBA Summer League Stats,Jaxson Hayes,NOP,1,0,0,0,0,0,0,28,1,.188,1.0,1.0,0.4,3,1,.750,0.7,0.2,0.9
2019-2020 NBA NBA Summer League Stats,Dewan Hernandez,TOR,1,0,0,0,0,0,0,18,0,.229,1.8,0.4,0.4,2,3,.400,0.2,0.2,0.4
2019-2020 NBA NBA Summer League Stats,Terance Mann,LAC,1,0,0,0,0,0,0,15,1,.319,1.4,0.3,0.2,2,1,.667,0.1,0.2,0.3
2019-2020 NBA NBA Summer League Stats,Jacorey Williams,CLE,1,0,0,0,0,0,0,18,0,.196,1.0,0.2,0.4,2,3,.400,0.3,0.0,0.3
2019-2020 NBA NBA Summer League Stats,Codi Miller-McIntyre,LAL,1,0,0,0,0,0,0,15,0,.298,1.7,0.4,0.5,1,3,.250,0.0,0.1,0.1
2019-2020 NBA NBA Summer League Stats,Josh Reaves,DAL,1,0,0,0,0,0,0,18,0,.187,1.5,0.8,0.4,3,2,.600,0.3,0.1,0.4
2019-2020 NBA NBA Summer League Stats,Mfiondu Kabengele,LAC,1,0,0,0,0,0,0,21,0,.202,0.5,0.3,0.4,3,1,.750,0.4,0.2,0.6
2019-2020 NBA NBA Summer League Stats,DeVaughn Akoon-Purcell,IND,1,0,0,0,0,0,0,24,0,.243,0.8,0.7,0.3,1,4,.200,0.1,0.0,0.1
2019-2020 NBA NBA Summer League Stats,Keita Bates-Diop,MIN,1,0,0,0,0,0,0,17,0,.166,0.8,0.5,0.2,6,1,.857,-0.1,0.4,0.3
2019-2020 NBA NBA Summer League Stats,Devin Robinson,POR,1,0,0,0,0,0,0,14,1,.108,0.3,0.6,0.6,2,3,.400,0.4,0.1,0.4
2019-2020 NBA NBA Summer League Stats,Yante Maten,MIA,1,0,0,0,0,0,0,17,1,.164,0.5,0.1,0.4,3,2,.600,0.1,0.1,0.3
2019-2020 NBA NBA Summer League Stats,Zhou Qi,CHI,1,0,0,0,0,0,0,17,0,.143,0.2,0.3,0.3,1,4,.200,-0.2,0.1,-0.1
2019-2020 NBA NBA Summer League Stats,Amida Brimah,BRK,1,0,0,0,0,0,0,14,0,.075,0.1,0.0,0.8,4,2,.667,0.2,0.2,0.4
2019-2020 NBA NBA Summer League Stats,Kennedy Meeks,CHA,1,0,0,0,0,0,0,18,0,.122,1.3,0.3,0.3,2,3,.400,0.3,0.1,0.4
2019-2020 NBA NBA Summer League Stats,Nick Ward,ATL,1,0,0,0,0,0,0,16,0,.109,0.4,0.4,0.7,2,3,.400,0.1,0.2,0.4
2019-2020 NBA NBA Summer League Stats,Antonio Vrankovic,CRO,1,0,0,0,0,0,0,16,0,.175,0.5,0.5,0.0,0,5,.000,0.2,0.1,0.3
2019-2020 NBA NBA Summer League Stats,Kavell Bigby-Williams,NOP,1,0,0,0,0,0,0,14,0,.075,0.0,0.2,0.5,3,2,.600,0.1,0.2,0.3
2019-2020 NBA NBA Summer League Stats,Christ Koumadje,PHI,1,0,0,0,0,0,1,11,0,.083,0.2,0.0,0.5,2,3,.400,0.2,0.1,0.3
2019-2020 NBA NBA Summer League Stats,Isaiah Hartenstein,HOU,1,0,0,0,0,0,0,22,0,.176,0.0,0.6,0.6,1,2,.333,0.2,0.0,0.2
2019-2020 NBA NBA Summer League Stats,Zeljko Sakic,CRO,1,0,0,0,0,0,0,17,0,.226,1.2,0.2,0.2,0,5,.000,-0.1,0.1,0.0
2019-2020 NBA NBA Summer League Stats,Richard Solomon,TOR,1,0,0,0,0,0,0,14,1,.118,0.7,0.4,0.2,2,3,.400,0.0,0.2,0.2
2019-2020 NBA NBA Summer League Stats,Thomas Robinson,SAS,1,0,0,0,0,0,0,14,0,.126,0.2,0.0,0.4,1,3,.250,0.2,0.1,0.2
2019-2020 NBA NBA Summer League Stats,Zylan Cheatham,NOP,1,0,0,0,0,0,0,10,0,.069,0.5,0.5,0.5,3,2,.600,-0.1,0.2,0.2
2019-2020 NBA NBA Summer League Stats,Brandon Ashley,SAC,1,0,0,0,0,0,0,18,0,.091,1.0,1.0,0.1,1,3,.250,0.2,0.1,0.3
2019-2020 NBA NBA Summer League Stats,Chandler Hutchison,CHI,1,0,0,0,0,0,0,18,0,.197,0.7,0.4,0.5,2,2,.500,-0.1,0.2,0.0
2019-2020 NBA NBA Summer League Stats,"Troy Brown, Jr.",WAS,1,0,0,0,0,0,0,18,0,.202,0.6,0.1,0.4,1,2,.333,-0.1,0.1,0.1
2019-2020 NBA NBA Summer League Stats,Willie Reed,UTA,1,0,0,0,0,0,0,14,0,.122,0.3,0.2,0.9,1,3,.250,0.0,0.1,0.1
2019-2020 NBA NBA Summer League Stats,Zhelin Wang,CHI,1,0,0,0,0,0,0,12,1,.142,0.3,0.0,0.4,1,3,.250,-0.1,-0.1,-0.2
2019-2020 NBA NBA Summer League Stats,Ebuka Izundu,GSW,1,0,0,0,0,0,0,14,0,.090,0.5,0.5,0.1,2,1,.667,0.1,0.1,0.2
2019-2020 NBA NBA Summer League Stats,Luka Samanic,SAS,1,0,0,0,0,0,0,16,0,.205,0.7,0.3,0.4,1,2,.333,-0.1,0.0,0.0
2019-2020 NBA NBA Summer League Stats,Landry Nnoko,PHX,1,0,0,0,0,0,0,10,0,.093,0.2,0.0,0.8,2,1,.667,-0.2,0.1,-0.1
2021-2022 NBA NBA Summer League Stats,"Paul Reed, Jr.",PHI,4,0,0,1,0,0,0,27,1,.263,1.4,1.6,0.3,3,2,.600,0.9,0.3,1.2
2021-2022 NBA NBA Summer League Stats,Naji Marshall,NOP,4,0,0,0,0,0,0,18,0,.303,2.4,0.8,0.3,5,0,1.000,0.3,0.6,0.9
2021-2022 NBA NBA Summer League Stats,Jalen Smith,PHX,4,0,0,0,0,0,0,21,0,.250,0.2,0.5,0.2,2,2,.500,0.2,0.3,0.5
2021-2022 NBA NBA Summer League Stats,Luka Garza,DET,3,0,0,0,0,0,1,21,0,.222,1.1,0.3,0.4,3,2,.600,0.8,0.1,0.9
2021-2022 NBA NBA Summer League Stats,Jalen Johnson,ATL,3,0,0,0,0,0,0,25,0,.289,0.5,0.2,0.2,2,2,.500,0.3,0.1,0.4
2021-2022 NBA NBA Summer League Stats,Alperen Sengun,HOU,2,0,0,0,0,0,0,21,0,.250,1.1,0.5,0.6,2,2,.500,0.3,0.3,0.6
2021-2022 NBA NBA Summer League Stats,DeJon Jarreau,MIA,2,0,0,0,0,0,0,14,0,.309,2.2,0.5,0.4,2,3,.400,0.4,0.2,0.6
2021-2022 NBA NBA Summer League Stats,Sandro Mamukelashvili,MIL,2,0,0,0,0,0,0,20,0,.210,0.9,0.6,0.4,1,4,.200,0.3,0.1,0.4
2021-2022 NBA NBA Summer League Stats,Alize Johnson,BRK,2,0,0,0,0,0,0,13,0,.197,1.3,0.2,0.4,2,2,.500,0.4,0.1,0.5
2021-2022 NBA NBA Summer League Stats,Omer Yurtseven,MIA,2,0,0,0,0,0,0,23,0,.319,1.0,0.8,0.2,1,2,.333,0.4,0.1,0.5
2021-2022 NBA NBA Summer League Stats,Saddiq Bey,DET,2,0,0,0,0,0,0,15,0,.267,2.0,1.0,0.3,2,2,.500,0.2,0.1,0.3
2021-2022 NBA NBA Summer League Stats,Daniel Oturu,LAC,2,0,0,0,0,0,1,12,0,.185,0.6,0.1,0.4,1,3,.250,0.2,0.2,0.4
2021-2022 NBA NBA Summer League Stats,Jay Scrubb,LAC,2,0,0,0,0,0,0,24,0,.208,1.0,0.4,0.2,1,4,.200,-0.2,0.1,-0.1
2021-2022 NBA NBA Summer League Stats,Patrick Williams,CHI,2,0,0,0,0,0,0,30,0,.395,0.6,0.1,0.3,1,2,.333,-0.1,0.1,0.0
2021-2022 NBA NBA Summer League Stats,Payton Pritchard,BOS,1,0,0,0,0,0,0,23,0,.415,3.4,0.7,0.2,3,1,.750,0.8,0.2,1.0
2021-2022 NBA NBA Summer League Stats,Obi Toppin,NYK,1,0,0,0,0,0,0,31,0,.289,0.5,0.5,0.2,4,2,.667,0.4,0.1,0.4
2021-2022 NBA NBA Summer League Stats,Udoka Azubuike,UTA,1,0,0,0,0,0,1,18,0,.214,1.0,1.7,1.1,3,1,.750,0.7,0.3,1.0
2021-2022 NBA NBA Summer League Stats,Kyle Alexander,PHX,1,0,0,0,0,0,0,18,0,.188,0.8,1.3,0.3,2,3,.400,0.7,0.3,1.0
2021-2022 NBA NBA Summer League Stats,Trent Forrest,UTA,1,0,0,0,0,0,0,19,0,.419,2.3,0.6,0.4,3,1,.750,0.4,0.3,0.7
2021-2022 NBA NBA Summer League Stats,Jeremiah Robinson-Earl,OKC,1,0,0,0,0,0,0,15,0,.219,1.0,0.8,0.2,2,3,.400,0.4,0.2,0.6
2021-2022 NBA NBA Summer League Stats,Emmanuel Mudiay,POR,1,0,0,0,0,0,0,14,0,.369,3.3,0.3,0.0,2,3,.400,0.4,0.0,0.5
2021-2022 NBA NBA Summer League Stats,Scottie Barnes,TOR,1,0,0,0,0,0,1,23,0,.268,1.9,0.6,0.5,3,1,.750,0.4,0.2,0.6
2021-2022 NBA NBA Summer League Stats,Mfiondu Kabengele,CLE,1,0,0,0,0,0,0,11,0,.109,1.1,0.6,0.7,2,3,.400,0.2,0.1,0.3
2021-2022 NBA NBA Summer League Stats,Malachi Flynn,TOR,1,0,0,0,0,0,0,23,0,.283,1.3,0.7,0.2,3,1,.750,0.3,0.2,0.5
2021-2022 NBA NBA Summer League Stats,Theo Maledon,OKC,1,0,0,0,0,0,0,18,0,.311,2.5,0.1,0.2,2,3,.400,0.2,0.0,0.2
2021-2022 NBA NBA Summer League Stats,Isaiah Jackson,IND,1,0,0,0,0,0,1,13,0,.147,0.6,0.6,0.3,3,2,.600,0.1,0.4,0.5
2021-2022 NBA NBA Summer League Stats,Kai Jones,CHA,1,0,0,0,0,0,0,16,0,.170,0.5,0.1,0.3,0,5,.000,0.0,0.0,0.0
2021-2022 NBA NBA Summer League Stats,Tyler Bey,CHI,1,0,0,0,0,0,0,13,0,.101,1.3,1.0,0.8,2,3,.400,0.3,0.1,0.5
2021-2022 NBA NBA Summer League Stats,Zylan Cheatham,DEN,1,0,0,0,0,0,0,15,0,.162,0.8,0.1,0.4,2,3,.400,0.3,0.0,0.3
2021-2022 NBA NBA Summer League Stats,Precious Achiuwa,TOR,1,0,0,0,0,0,0,19,0,.245,0.7,1.0,0.5,2,1,.667,0.4,0.1,0.5
2021-2022 NBA NBA Summer League Stats,Olivier Sarr,MEM,1,0,0,0,0,0,0,18,0,.162,0.9,0.1,0.7,3,1,.750,0.4,0.1,0.5
2021-2022 NBA NBA Summer League Stats,MaCio Teague,UTA,1,0,0,0,0,0,0,17,0,.257,3.4,0.4,0.2,3,2,.600,0.4,0.1,0.5
2021-2022 NBA NBA Summer League Stats,Justin Champagnie,TOR,1,0,0,0,0,0,0,11,0,.099,1.0,2.7,0.2,4,1,.800,0.1,0.3,0.4
2021-2022 NBA NBA Summer League Stats,Dalano Banton,TOR,1,0,0,0,0,0,0,10,0,.185,0.9,0.7,0.3,4,1,.800,-0.4,0.4,0.1
2021-2022 NBA NBA Summer League Stats,KZ Okpala,MIA,1,0,0,0,0,0,0,16,0,.148,1.1,0.2,0.2,2,3,.400,0.0,0.1,0.0
2021-2022 NBA NBA Summer League Stats,Jarell Martin,UTA,1,0,0,0,0,0,0,23,0,.110,0.8,0.8,0.4,2,2,.500,0.2,0.1,0.3
2021-2022 NBA NBA Summer League Stats,Jalen Adams,TOR,1,0,0,0,0,0,0,14,0,.142,1.0,0.4,0.0,4,1,.800,0.0,0.2,0.2
2021-2022 NBA NBA Summer League Stats,Micah Potter,MIA,1,0,0,0,0,0,1,15,0,.129,0.7,0.4,0.0,2,2,.500,0.0,0.1,0.2
2021-2022 NBA NBA Summer League Stats,John Konchar,MEM,1,0,0,0,0,0,0,12,0,.254,1.4,0.1,0.3,1,1,.500,0.0,0.1,0.1
2021-2022 NBA NBA Summer League Stats,Sharife Cooper,ATL,1,0,0,0,0,0,0,21,0,.394,1.5,0.1,0.1,1,3,.250,0.0,-0.2,-0.2
2021-2022 NBA NBA Summer League Stats,C.J. Elleby,POR,1,0,0,0,0,0,0,13,1,.140,0.8,0.5,0.3,2,3,.400,-0.3,0.1,-0.2
2021-2022 NBA NBA Summer League Stats,Santi Aldama,MEM,1,0,0,0,0,0,0,13,0,.122,2.0,0.0,0.2,2,2,.500,-0.3,0.1,-0.2
2022-2023 NBA NBA Summer League Stats,Tari Eason,HOU,4,0,0,0,0,0,0,22,0,.276,0.9,1.0,0.2,2,3,.400,0.4,0.3,0.6
2022-2023 NBA NBA Summer League Stats,Day'Ron Sharpe,BRK,3,0,0,0,0,0,0,20,0,.235,1.1,0.8,0.3,3,2,.600,0.4,0.2,0.6
2022-2023 NBA NBA Summer League Stats,Jericho Sims,NYK,3,0,0,0,0,0,0,16,0,.210,0.8,0.3,0.8,3,2,.600,0.5,0.2,0.7
2022-2023 NBA NBA Summer League Stats,Jabari Walker,POR,2,0,0,0,0,0,0,16,0,.201,1.8,1.3,0.4,4,1,.800,0.8,0.4,1.2
2022-2023 NBA NBA Summer League Stats,J.D. Davison,BOS,2,0,0,0,0,0,0,28,0,.374,2.7,0.4,0.3,3,2,.600,0.6,0.0,0.6
2022-2023 NBA NBA Summer League Stats,Mfiondu Kabengele,BOS,2,0,0,0,0,0,0,20,0,.228,1.0,0.3,0.4,3,2,.600,0.6,0.1,0.7
2022-2023 NBA NBA Summer League Stats,"Jabari Smith, Jr.",HOU,2,0,0,0,0,0,0,19,0,.230,0.8,0.7,0.2,2,3,.400,0.0,0.3,0.3
2022-2023 NBA NBA Summer League Stats,Marko Simonovic,CHI,2,0,0,0,0,0,0,27,0,.240,0.8,0.2,0.4,4,1,.800,0.5,0.1,0.6
2022-2023 NBA NBA Summer League Stats,Josh Minott,MIN,2,0,0,0,0,0,0,22,0,.218,0.6,0.6,0.3,2,3,.400,0.0,0.3,0.2
2022-2023 NBA NBA Summer League Stats,Orlando Robinson,MIA,2,0,0,0,0,0,0,13,0,.130,0.4,0.6,0.6,1,3,.250,0.3,0.2,0.5
2022-2023 NBA NBA Summer League Stats,Darius Days,SAS,2,0,0,0,0,0,0,17,0,.182,0.3,0.5,0.2,0,3,.000,0.4,0.0,0.5
2022-2023 NBA NBA Summer League Stats,Sandro Mamukelashvili,MIL,1,0,0,0,0,0,0,28,0,.255,0.9,0.5,0.5,3,2,.600,0.4,0.3,0.7
2022-2023 NBA NBA Summer League Stats,Tyrique Jones,NOP,1,0,0,0,0,0,0,11,0,.174,1.9,0.6,0.4,3,2,.600,0.6,0.2,0.8
2022-2023 NBA NBA Summer League Stats,Keegan Murray,SAC,1,0,0,0,0,0,0,29,0,.296,0.8,0.5,0.4,2,2,.500,0.7,0.1,0.8
2022-2023 NBA NBA Summer League Stats,A.J. Lawson,DAL,1,0,0,0,0,0,0,28,0,.227,0.6,0.4,0.3,0,5,.000,0.5,0.0,0.5
2022-2023 NBA NBA Summer League Stats,Trendon Watford,POR,1,0,0,0,0,0,0,19,2,.243,1.0,0.7,0.3,4,1,.800,0.1,0.5,0.6
2022-2023 NBA NBA Summer League Stats,"Kenny Lofton, Jr.",MEM,1,0,0,0,0,0,0,27,0,.231,0.6,0.1,0.3,2,3,.400,0.3,0.1,0.4
2022-2023 NBA NBA Summer League Stats,Neemias Queta,SAC,1,0,0,0,0,0,0,23,0,.200,0.7,0.2,0.7,2,2,.500,0.4,0.2,0.5
2022-2023 NBA NBA Summer League Stats,Isaiah Mobley,CLE,1,0,0,0,0,0,0,15,0,.208,3.0,0.4,0.3,3,2,.600,0.1,0.0,0.1
2022-2023 NBA NBA Summer League Stats,Moses Wright,DAL,1,0,0,0,0,0,0,26,0,.216,0.7,0.4,0.6,0,4,.000,0.4,0.1,0.5
2022-2023 NBA NBA Summer League Stats,Jeremiah Robinson-Earl,OKC,1,0,0,0,0,0,0,15,0,.194,2.5,0.5,0.2,2,1,.667,0.4,0.1,0.5
2022-2023 NBA NBA Summer League Stats,Mason Jones,LAL,1,0,0,0,0,0,0,15,0,.212,1.5,0.3,0.3,3,2,.600,0.2,0.1,0.3
2022-2023 NBA NBA Summer League Stats,Jaime Echenique,WAS,1,0,0,0,0,0,0,17,0,.123,0.5,0.3,0.8,3,2,.600,0.4,0.1,0.5
2022-2023 NBA NBA Summer League Stats,Louis King,PHX,1,0,0,0,0,0,0,20,1,.205,1.3,0.7,0.3,3,2,.600,0.2,0.3,0.4
2022-2023 NBA NBA Summer League Stats,Josh Carlton,SAS,1,0,0,0,0,0,0,11,0,.127,0.6,0.4,0.5,1,3,.250,0.3,0.1,0.3
2022-2023 NBA NBA Summer League Stats,Chet Holmgren,OKC,1,0,0,0,0,1,0,16,0,.213,0.7,0.7,0.3,2,1,.667,0.1,0.3,0.3
2022-2023 NBA NBA Summer League Stats,Emanuel Terry,ORL,1,0,0,0,0,0,0,10,0,.081,0.2,0.4,0.8,2,3,.400,0.2,0.1,0.3
2022-2023 NBA NBA Summer League Stats,Trevion Williams,BOS,1,0,0,0,0,0,0,11,0,.146,0.9,0.1,0.1,3,2,.600,0.1,0.0,0.1
2022-2023 NBA NBA Summer League Stats,Olivier Sarr,PHX,1,0,0,0,0,0,0,12,0,.117,1.0,0.0,0.7,2,1,.667,0.2,0.1,0.3
2022-2023 NBA NBA Summer League Stats,Kennedy Chandler,MEM,1,0,0,0,0,0,0,11,0,.254,1.9,0.6,0.2,2,3,.400,-0.3,0.1,-0.1
2022-2023 NBA NBA Summer League Stats,Jamal Cain,MIA,1,0,0,0,0,0,0,11,0,.087,0.0,1.2,0.9,1,3,.250,0.2,0.1,0.4
2022-2023 NBA NBA Summer League Stats,Malik Ellison,PHI,1,0,0,0,0,0,0,12,1,.163,1.3,0.5,0.1,1,3,.250,0.2,0.0,0.2
2022-2023 NBA NBA Summer League Stats,"Vernon Carey, Jr.",WAS,1,0,0,0,0,0,0,15,0,.133,0.3,0.3,0.5,1,2,.333,0.3,0.0,0.3
2022-2023 NBA NBA Summer League Stats,Tacko Fall,UTA,1,0,0,0,0,0,0,12,0,.170,0.2,0.0,0.8,1,1,.500,0.1,0.1,0.2
2022-2023 NBA NBA Summer League Stats,Nick Richards,CHA,1,0,0,0,0,0,0,15,0,.197,0.2,0.0,0.8,1,1,.500,0.1,0.1,0.2
2022-2023 NBA NBA Summer League Stats,Balsa Koprivica,DET,1,0,0,0,0,0,0,10,0,.084,0.4,0.2,0.0,2,2,.500,0.1,0.1,0.2
2022-2023 NBA NBA Summer League Stats,D.J. Funderburk,UTA,1,0,0,0,0,0,0,10,0,.085,0.5,1.5,1.2,1,1,.500,0.0,0.1,0.1
2022-2023 NBA NBA Summer League Stats,Abu Kigab,TOR,1,0,0,0,0,0,0,15,0,.169,1.3,0.3,0.2,1,1,.500,0.1,0.0,0.1
2022-2023 NBA NBA Summer League Stats,R.J. Hampton,ORL,1,0,0,0,0,0,0,13,0,.218,0.7,0.3,0.6,2,0,1.000,-0.1,0.1,0.1
2023-2024 NBA NBA Summer League Stats,Jabari Walker,POR,3,0,0,0,0,0,0,15,0,.208,1.1,0.6,0.1,3,2,.600,0.4,0.2,0.6
2023-2024 NBA NBA Summer League Stats,Isaiah Mobley,CLE,2,0,0,0,0,0,0,28,1,.305,1.9,0.4,0.6,6,0,1.000,0.7,0.4,1.1
2023-2024 NBA NBA Summer League Stats,Colin Castleton,LAL,2,0,0,0,0,0,0,21,1,.278,2.8,0.6,0.4,3,2,.600,0.5,0.2,0.7
2023-2024 NBA NBA Summer League Stats,Dyson Daniels,NOP,2,0,0,0,0,0,0,18,0,.363,2.3,0.6,0.5,3,2,.600,0.3,0.3,0.5
2023-2024 NBA NBA Summer League Stats,Micah Potter,UTA,2,0,0,0,0,0,0,20,0,.227,1.5,0.1,0.1,4,1,.800,0.3,0.1,0.4
2023-2024 NBA NBA Summer League Stats,Jason Preston,LAC,2,0,0,0,0,0,0,15,0,.278,3.8,0.4,0.2,3,2,.600,0.3,0.1,0.5
2023-2024 NBA NBA Summer League Stats,Leonard Miller,MIN,2,0,0,0,0,0,0,20,1,.226,0.6,0.5,0.2,1,4,.200,0.1,0.1,0.3
2023-2024 NBA NBA Summer League Stats,J.D. Davison,BOS,2,0,0,0,0,0,0,14,0,.320,1.6,0.3,0.3,2,3,.400,-0.1,0.1,0.1
2023-2024 NBA NBA Summer League Stats,Reggie Perry,GSW,2,0,0,0,0,0,0,20,1,.172,0.5,0.1,0.6,0,4,.000,0.2,0.1,0.3
2023-2024 NBA NBA Summer League Stats,Isaiah Jackson,IND,2,0,0,0,0,0,0,21,0,.230,0.5,0.5,0.2,2,0,1.000,0.3,0.2,0.5
2023-2024 NBA NBA Summer League Stats,James Wiseman,DET,2,0,0,0,0,0,0,17,1,.211,0.5,0.0,0.4,1,1,.500,0.1,0.0,0.2
2023-2024 NBA NBA Summer League Stats,Xavier Moon,LAC,1,0,0,0,0,0,0,26,0,.335,2.1,1.0,0.2,3,2,.600,0.7,0.3,1.0
2023-2024 NBA NBA Summer League Stats,Orlando Robinson,MIA,1,0,0,0,0,0,0,36,0,.409,1.5,0.6,0.4,3,1,.750,0.9,0.4,1.3
2023-2024 NBA NBA Summer League Stats,Hunter Tyson,DEN,1,0,0,0,0,0,0,31,0,.261,1.3,0.6,0.4,2,3,.400,0.9,0.1,1.0
2023-2024 NBA NBA Summer League Stats,Jalen Wilson,BRK,1,0,0,0,0,0,0,22,0,.226,2.2,0.8,0.7,3,2,.600,0.8,0.3,1.1
2023-2024 NBA NBA Summer League Stats,Cam Whitmore,HOU,1,0,0,0,0,1,0,26,1,.261,0.9,1.1,0.2,5,1,.833,0.1,0.2,0.4
2023-2024 NBA NBA Summer League Stats,Sam Merrill,CLE,1,0,0,0,0,0,0,27,0,.251,2.8,0.4,0.3,5,0,1.000,0.9,0.1,1.0
2023-2024 NBA NBA Summer League Stats,Trevor Hudgins,HOU,1,0,0,0,0,0,0,26,0,.315,4.3,0.4,0.1,5,1,.833,0.5,0.0,0.5
2023-2024 NBA NBA Summer League Stats,Nathaniel Hinton,HOU,1,0,0,0,0,1,0,27,0,.171,1.8,2.7,0.2,5,1,.833,0.5,0.2,0.7
2023-2024 NBA NBA Summer League Stats,Kobe Brown,LAC,1,0,0,0,0,0,0,35,0,.205,1.8,1.8,0.3,3,2,.600,0.4,0.3,0.7
2023-2024 NBA NBA Summer League Stats,Luke Travers,CLE,1,0,0,0,0,0,0,13,0,.148,1.2,0.5,0.1,6,0,1.000,0.2,0.3,0.5
2023-2024 NBA NBA Summer League Stats,Ausar Thompson,DET,1,0,0,0,0,0,0,18,1,.254,1.3,0.8,0.4,3,1,.750,0.1,0.4,0.5
2023-2024 NBA NBA Summer League Stats,Jermaine Samuels,HOU,1,0,0,0,0,0,0,19,0,.194,2.0,0.5,0.4,5,1,.833,0.4,0.1,0.5
2023-2024 NBA NBA Summer League Stats,Dominick Barlow,SAS,1,0,0,0,0,0,0,20,1,.322,1.6,0.2,0.3,2,2,.500,0.4,0.4,0.8
2023-2024 NBA NBA Summer League Stats,Moses Brown,TOR,1,0,0,0,0,0,0,14,0,.136,0.4,0.5,1.0,1,4,.200,0.4,0.2,0.6
2023-2024 NBA NBA Summer League Stats,Keyonte George,UTA,1,0,0,0,0,0,0,33,0,.368,2.7,0.6,0.3,3,0,1.000,0.5,0.1,0.6
2023-2024 NBA NBA Summer League Stats,Udoka Azubuike,BOS,1,0,0,0,0,0,0,14,0,.130,1.0,0.8,0.2,2,3,.400,0.3,0.1,0.4
2023-2024 NBA NBA Summer League Stats,"Kenny Lofton, Jr.",MEM,1,0,0,0,0,0,0,24,2,.289,0.5,0.6,0.4,2,2,.500,0.1,0.3,0.4
2023-2024 NBA NBA Summer League Stats,Matthew Mayer,HOU,1,0,0,0,0,0,0,19,0,.137,0.6,0.4,0.3,3,1,.750,0.3,0.1,0.4
2023-2024 NBA NBA Summer League Stats,Olivier-Maxence Prosper,DAL,1,0,0,0,0,0,0,18,0,.140,1.0,0.7,0.7,4,1,.800,0.4,0.1,0.6
2023-2024 NBA NBA Summer League Stats,Dereck Lively II,DAL,1,0,0,0,0,0,0,11,0,.122,0.4,0.1,0.6,4,1,.800,0.3,0.1,0.4
2023-2024 NBA NBA Summer League Stats,Justin Champagnie,BOS,1,0,0,0,0,0,0,21,0,.231,1.0,0.1,0.1,1,3,.250,0.1,0.0,0.1
2023-2024 NBA NBA Summer League Stats,Toumani Camara,PHX,1,0,0,0,0,0,0,20,0,.228,0.7,0.3,0.6,2,2,.500,0.2,0.2,0.5
2023-2024 NBA NBA Summer League Stats,Chet Holmgren,OKC,1,0,0,0,0,0,1,25,0,.264,0.8,0.3,0.6,2,0,1.000,0.3,0.2,0.4
2023-2024 NBA NBA Summer League Stats,Tari Eason,HOU,1,0,0,0,0,0,0,26,1,.355,1.1,0.3,0.2,2,0,1.000,0.2,0.1,0.2
2023-2024 NBA NBA Summer League Stats,Brandon Miller,CHA,1,0,0,0,0,0,0,26,0,.296,2.3,1.3,0.3,0,3,.000,0.2,0.1,0.3
2023-2024 NBA NBA Summer League Stats,Gui Santos,GSW,1,0,0,0,0,0,0,25,0,.208,0.3,0.4,0.5,0,4,.000,0.2,0.0,0.2
2023-2024 NBA NBA Summer League Stats,"Robert Baker, Jr.",ORL,1,0,0,0,0,0,0,15,0,.153,0.8,0.4,0.2,0,5,.000,-0.1,0.1,0.1
2023-2024 NBA NBA Summer League Stats,Trayce Jackson-Davis,GSW,1,0,0,0,0,0,0,18,0,.243,0.8,0.8,0.3,0,2,.000,0.2,0.0,0.2
2023-2024 NBA NBA Summer League Stats,Brandin Podziemski,GSW,1,0,0,0,0,0,0,11,0,.285,1.4,0.2,0.3,0,5,.000,-0.5,0.0,-0.5
2023-2024 NBA NBA Summer League Stats,Nick Ongenda,UTA,1,0,0,0,0,0,0,12,0,.086,2.5,0.5,0.5,4,1,.800,0.3,0.0,0.4
2023-2024 NBA NBA Summer League Stats,Markquis Nowell,TOR,1,0,0,0,0,0,0,17,1,.358,1.6,0.2,0.2,1,3,.250,-0.2,0.1,-0.1
2023-2024 NBA NBA Summer League Stats,Victor Wembanyama,SAS,1,0,0,0,0,0,1,27,0,.255,0.5,0.2,0.6,1,1,.500,0.0,0.3,0.3
2023-2024 NBA NBA Summer League Stats,Xavier Cooks,WAS,1,0,0,0,0,0,0,16,0,.242,4.0,0.0,0.5,0,2,.000,0.2,0.1,0.3
2023-2024 NBA NBA Summer League Stats,Jalen Duren,DET,1,0,0,0,0,0,0,23,0,.239,0.3,0.0,0.6,1,1,.500,0.2,0.0,0.2
2023-2024 NBA NBA Summer League Stats,Moussa Diabate,LAC,1,0,0,0,0,0,0,11,0,.143,0.8,0.5,0.7,1,1,.500,-0.1,0.1,0.1
2023-2024 NBA NBA Summer League Stats,Charles Bediako,SAS,1,0,0,0,0,0,0,17,0,.077,0.2,0.4,0.4,3,2,.600,0.0,0.2,0.2
2023-2024 NBA NBA Summer League Stats,"Vincent Williams, Jr.",MEM,1,0,0,0,0,0,0,11,0,.156,1.3,1.3,0.2,2,0,1.000,0.0,0.2,0.3
2023-2024 NBA NBA Summer League Stats,Jaden Ivey,DET,1,0,0,0,0,1,0,22,0,.394,1.4,0.7,0.1,1,1,.500,0.0,0.1,0.1
2023-2024 NBA NBA Summer League Stats,Kamarion Williams,OKC,1,0,0,0,0,0,0,19,0,.119,0.3,0.3,0.2,0,3,.000,0.1,0.0,0.1
2023-2024 NBA NBA Summer League Stats,Neemias Queta,SAC,1,0,0,0,0,0,0,13,0,.170,0.8,0.5,0.3,1,1,.500,0.0,0.1,0.1
2004-2005 NBA Orlando Pro Summer League Stats,Dwight Howard,ORL,3,0,0,0,0,0,1,16,0,.161,0.4,0.1,0.6,3,2,.600,0.0,0.3,0.3
2004-2005 NBA Orlando Pro Summer League Stats,Al Jefferson,BOS,1,0,0,0,0,0,0,16,0,.220,0.2,0.6,0.4,2,3,.400,0.4,0.4,0.8
2004-2005 NBA Orlando Pro Summer League Stats,David Bailey,ORL,1,0,0,0,0,0,0,12,0,.245,1.5,0.2,0.7,3,2,.600,0.1,0.1,0.2
2006-2007 NBA Orlando Pro Summer League Stats,Marcus D. Williams,NJN,2,0,0,0,0,0,0,27,0,.458,2.0,0.3,0.4,2,3,.400,0.5,-0.1,0.5
2006-2007 NBA Orlando Pro Summer League Stats,Tyrus Thomas,CHI,2,0,0,0,0,0,0,22,1,.247,0.7,0.3,0.6,2,3,.400,0.2,0.1,0.3
2006-2007 NBA Orlando Pro Summer League Stats,Earl Barron,MIA,1,0,0,0,0,0,0,33,0,.298,0.3,0.1,0.8,2,3,.400,0.8,0.1,0.9
2006-2007 NBA Orlando Pro Summer League Stats,Josh Boone,NJN,1,0,0,0,0,0,1,17,0,.201,0.6,0.4,0.5,2,3,.400,0.2,0.0,0.2
2006-2007 NBA Orlando Pro Summer League Stats,Eric Williams,NJN,1,0,0,0,0,0,0,20,0,.146,0.1,0.3,0.5,2,3,.400,0.3,0.0,0.3
2007-2008 NBA Orlando Pro Summer League Stats,James Augustine,ORL,2,0,0,0,0,0,0,16,0,.281,2.2,0.5,0.2,3,2,.600,0.6,0.2,0.8
2007-2008 NBA Orlando Pro Summer League Stats,Josh Davis,NJN,2,0,0,0,0,0,0,19,0,.252,1.1,0.8,0.1,3,2,.600,0.5,0.3,0.8
2007-2008 NBA Orlando Pro Summer League Stats,Jared Dudley,CHA,1,0,0,0,0,0,0,17,0,.262,1.1,0.8,0.7,2,3,.400,0.7,0.2,0.9
2007-2008 NBA Orlando Pro Summer League Stats,Marcin Gortat,ORL,1,0,0,0,0,0,1,15,0,.230,0.8,0.1,0.4,3,2,.600,0.1,0.3,0.4
2007-2008 NBA Orlando Pro Summer League Stats,Hassan Adams,NJN,1,0,0,0,0,0,0,16,0,.197,0.5,0.3,0.7,3,2,.600,0.2,0.3,0.5
2007-2008 NBA Orlando Pro Summer League Stats,Aaron Gray,CHI,1,0,0,0,0,0,0,15,0,.158,0.5,0.5,0.6,2,3,.400,0.2,0.1,0.3
2007-2008 NBA Orlando Pro Summer League Stats,Shawne Williams,IND,1,0,0,0,0,0,0,19,0,.205,0.3,0.2,0.4,3,2,.600,0.0,0.2,0.2
2008-2009 NBA Orlando Pro Summer League Stats,Marcin Gortat,ORL,3,0,0,0,0,0,0,18,0,.227,0.0,0.4,0.1,2,3,.400,0.2,0.1,0.3
2008-2009 NBA Orlando Pro Summer League Stats,Kasib Powell,MIA,1,0,0,0,0,0,0,17,0,.240,1.0,0.8,0.3,3,2,.600,0.6,0.1,0.7
2008-2009 NBA Orlando Pro Summer League Stats,Aaron Gray,CHI,1,0,0,0,0,0,0,16,0,.131,0.2,0.0,1.0,2,3,.400,0.4,0.1,0.5
2008-2009 NBA Orlando Pro Summer League Stats,Tyrus Thomas,CHI,1,0,0,0,0,0,0,25,0,.229,0.2,0.3,0.6,2,1,.667,0.1,0.2,0.3
2008-2009 NBA Orlando Pro Summer League Stats,Joakim Noah,CHI,1,0,0,0,0,0,0,10,1,.107,0.4,0.3,1.2,2,3,.400,0.0,0.1,0.1
2009-2010 NBA Orlando Pro Summer League Stats,Roy Hibbert,IND,1,0,0,0,0,0,0,28,1,.310,0.4,0.4,0.5,5,0,1.000,0.7,0.5,1.2
2009-2010 NBA Orlando Pro Summer League Stats,Ryan Anderson,ORL,1,0,0,0,0,0,0,33,0,.311,0.9,0.5,0.3,2,3,.400,1.0,0.2,1.2
2009-2010 NBA Orlando Pro Summer League Stats,Kasib Powell,ORL,1,0,0,0,0,0,0,19,0,.256,2.7,1.3,0.2,2,2,.500,0.4,0.1,0.5
2009-2010 NBA Orlando Pro Summer League Stats,Marreese Speights,NJN,1,0,0,0,0,0,1,28,1,.242,0.3,0.3,0.2,0,5,.000,-0.1,0.0,-0.1
2009-2010 NBA Orlando Pro Summer League Stats,Richard Hendrix,ORL,1,0,0,0,0,0,0,17,0,.149,0.4,0.1,0.6,1,3,.250,0.3,0.1,0.4
2009-2010 NBA Orlando Pro Summer League Stats,Jeremy Richardson,ORL,1,0,0,0,0,0,0,18,0,.159,0.1,0.4,0.2,1,2,.333,-0.1,0.1,-0.1
2010-2011 NBA Orlando Pro Summer League Stats,Luke Harangody,BOS,1,0,0,0,0,0,0,23,0,.267,1.3,0.3,0.2,1,4,.200,0.6,0.0,0.6
2010-2011 NBA Orlando Pro Summer League Stats,Magnum Rolle,IND,1,0,0,0,0,0,0,19,0,.231,0.3,0.4,0.4,3,2,.600,0.3,0.3,0.7
2010-2011 NBA Orlando Pro Summer League Stats,Kosta Koufos,UTA,1,0,0,0,0,0,0,19,0,.191,0.5,0.1,0.7,2,2,.500,0.4,0.1,0.5
2010-2011 NBA Orlando Pro Summer League Stats,Paul George,IND,1,0,0,0,0,1,0,22,0,.246,0.4,0.5,0.5,3,2,.600,-0.2,0.5,0.2
2010-2011 NBA Orlando Pro Summer League Stats,Damion James,NJN,1,0,0,0,0,0,0,30,0,.263,0.7,0.5,0.6,2,2,.500,0.4,0.0,0.4
2010-2011 NBA Orlando Pro Summer League Stats,Connor Atchley,NJN,1,0,0,0,0,0,0,10,0,.141,0.0,0.0,0.1,3,2,.600,0.3,0.0,0.4
2010-2011 NBA Orlando Pro Summer League Stats,Stanley Robinson,ORL,1,0,0,0,0,0,0,13,0,.110,0.5,0.5,0.4,1,4,.200,0.1,0.1,0.2
2010-2011 NBA Orlando Pro Summer League Stats,Derrick Favors,NJN,1,0,0,0,0,0,0,23,0,.181,0.4,0.3,0.4,3,2,.600,0.0,0.1,0.1
2010-2011 NBA Orlando Pro Summer League Stats,Jeff Adrien,ORL,1,0,0,0,0,0,0,13,0,.079,0.2,0.2,1.9,1,3,.250,0.1,0.1,0.2
2010-2011 NBA Orlando Pro Summer League Stats,Marreese Speights,PHI,1,0,0,0,0,0,0,20,0,.210,0.3,0.6,0.2,2,1,.667,-0.1,0.2,0.1
2012-2013 NBA Orlando Pro Summer League Stats,Enes Freedom,UTA,2,0,0,0,0,0,0,15,0,.205,0.5,0.5,0.2,3,2,.600,0.1,0.3,0.4
2012-2013 NBA Orlando Pro Summer League Stats,Devin Searcy,PHI,2,0,0,0,0,0,0,12,0,.140,0.6,0.3,0.3,1,4,.200,0.2,0.3,0.5
2012-2013 NBA Orlando Pro Summer League Stats,Austin Daye,DET,1,0,0,0,0,0,1,24,0,.241,0.5,0.6,0.5,4,1,.800,0.6,0.4,1.0
2012-2013 NBA Orlando Pro Summer League Stats,Dionte Christmas,BOS,1,0,0,0,0,0,0,21,0,.297,3.3,1.3,0.2,4,1,.800,0.5,0.4,0.8
2012-2013 NBA Orlando Pro Summer League Stats,Jeff Foote,BRK,1,0,0,0,0,0,0,11,0,.132,2.5,0.5,0.3,1,4,.200,0.3,0.0,0.4
2012-2013 NBA Orlando Pro Summer League Stats,Latavious Williams,OKC,1,0,0,0,0,0,0,11,0,.131,0.5,1.0,0.1,3,1,.750,0.3,0.2,0.4
2012-2013 NBA Orlando Pro Summer League Stats,Brandon Knight,DET,1,0,0,0,0,0,0,19,1,.430,1.8,0.3,0.6,3,1,.750,0.0,0.2,0.2
2012-2013 NBA Orlando Pro Summer League Stats,Andrew Nicholson,ORL,1,0,0,0,0,0,0,24,0,.170,0.3,0.2,0.5,2,3,.400,0.2,0.2,0.4
2012-2013 NBA Orlando Pro Summer League Stats,Kris Joseph,BOS,1,0,0,0,0,0,0,17,0,.138,0.4,0.9,0.4,4,1,.800,0.0,0.3,0.3
2012-2013 NBA Orlando Pro Summer League Stats,Maalik Wayns,ORL,1,0,0,0,0,0,0,16,1,.333,1.5,0.6,0.5,1,2,.333,0.0,0.1,0.1
2012-2013 NBA Orlando Pro Summer League Stats,Justin Harper,ORL,1,0,0,0,0,0,0,18,0,.163,0.2,0.1,0.3,2,3,.400,-0.2,0.1,0.0
2012-2013 NBA Orlando Pro Summer League Stats,Adam Morrison,BRK,1,0,0,0,0,0,0,10,0,.076,0.3,0.2,0.3,1,4,.200,0.0,0.0,0.0
2013-2014 NBA Orlando Pro Summer League Stats,Andre Drummond,DET,4,0,0,0,0,1,1,23,0,.292,0.3,0.5,0.3,2,2,.500,-0.1,0.4,0.3
2013-2014 NBA Orlando Pro Summer League Stats,Kelly Olynyk,BOS,1,0,0,0,0,1,0,25,1,.308,1.0,0.8,0.3,3,2,.600,0.8,0.2,1.0
2013-2014 NBA Orlando Pro Summer League Stats,Miles Plumlee,IND,1,0,0,0,0,0,1,16,0,.208,1.0,1.2,0.3,2,2,.500,0.4,0.3,0.6
2013-2014 NBA Orlando Pro Summer League Stats,Robert Covington,HOU,1,0,0,0,0,0,0,21,0,.188,0.6,1.2,0.3,4,1,.800,0.4,0.2,0.7
2013-2014 NBA Orlando Pro Summer League Stats,Dwight Buycks,OKC,1,0,0,0,0,0,0,13,0,.339,3.4,1.1,0.4,4,0,1.000,0.5,0.2,0.7
2013-2014 NBA Orlando Pro Summer League Stats,Mason Plumlee,BRK,1,0,0,0,0,0,0,23,0,.252,0.7,0.2,0.7,0,5,.000,0.1,0.0,0.1
2013-2014 NBA Orlando Pro Summer League Stats,Terrence Jones,HOU,1,0,0,0,0,0,0,24,0,.254,0.8,0.2,0.7,4,0,1.000,0.4,0.2,0.5
2013-2014 NBA Orlando Pro Summer League Stats,Kyle O'Quinn,ORL,1,0,0,0,0,0,0,11,0,.216,1.4,0.7,0.3,2,2,.500,0.2,0.1,0.3
2013-2014 NBA Orlando Pro Summer League Stats,Arnett Moultrie,PHI,1,0,0,0,0,0,0,23,0,.199,0.4,0.4,0.3,1,4,.200,0.3,-0.1,0.2
2013-2014 NBA Orlando Pro Summer League Stats,Keith Benson,BRK,1,0,0,0,0,0,0,18,0,.089,0.0,0.3,0.4,0,5,.000,0.2,0.0,0.2
2014-2015 NBA Orlando Pro Summer League Stats,Jarnell Stokes,MEM,3,0,0,0,0,0,0,16,0,.196,0.6,0.4,0.4,3,2,.600,0.4,0.2,0.6
2014-2015 NBA Orlando Pro Summer League Stats,Kevin Jones,IND,2,0,0,0,0,0,0,17,0,.221,0.8,0.3,0.2,4,1,.800,0.4,0.2,0.6
2014-2015 NBA Orlando Pro Summer League Stats,Nick Johnson,HOU,1,1,0,0,0,0,0,22,0,.380,1.7,0.3,0.2,1,4,.200,0.5,0.1,0.6
2014-2015 NBA Orlando Pro Summer League Stats,Kentavious Caldwell-Pope,DET,1,0,0,0,0,1,0,30,0,.315,0.6,0.6,0.4,3,2,.600,0.5,0.2,0.7
2014-2015 NBA Orlando Pro Summer League Stats,Mike Moser,BOS,1,0,0,0,0,0,0,17,0,.232,1.1,1.1,0.3,3,2,.600,0.3,0.2,0.5
2014-2015 NBA Orlando Pro Summer League Stats,Ronald Roberts,PHI,1,0,0,0,0,0,0,12,0,.173,0.6,0.3,0.4,4,1,.800,0.5,0.2,0.7
2014-2015 NBA Orlando Pro Summer League Stats,Donald Sloan,IND,1,0,0,0,0,0,0,21,0,.385,1.8,0.2,0.4,3,1,.750,0.6,0.0,0.6
2014-2015 NBA Orlando Pro Summer League Stats,Mitch McGary,OKC,1,0,0,0,0,0,0,18,0,.250,0.6,0.4,0.3,2,2,.500,0.3,0.0,0.3
2014-2015 NBA Orlando Pro Summer League Stats,Andre Roberson,OKC,1,0,0,0,0,0,0,12,0,.214,0.8,0.9,0.9,1,3,.250,0.0,0.0,0.0
2014-2015 NBA Orlando Pro Summer League Stats,Phil Pressey,BOS,1,0,0,0,0,0,0,14,0,.324,1.5,0.6,0.3,3,2,.600,-0.3,0.2,-0.1
2014-2015 NBA Orlando Pro Summer League Stats,O.D. Anosike,BOS,1,0,0,0,0,0,0,13,0,.054,0.0,2.0,0.9,2,2,.500,0.2,0.1,0.2
2015-2016 NBA Orlando Pro Summer League Stats,Branden Dawson,LAC,3,0,0,0,0,0,0,15,0,.233,0.4,0.6,0.2,1,3,.250,0.1,0.3,0.4
2015-2016 NBA Orlando Pro Summer League Stats,Aaron Gordon,ORL,2,0,0,0,0,0,0,22,0,.410,0.7,0.4,0.4,1,2,.333,0.3,0.3,0.6
2015-2016 NBA Orlando Pro Summer League Stats,Dakari Johnson,OKC,2,0,0,0,0,0,0,10,0,.127,0.2,0.2,0.2,3,2,.600,0.0,0.1,0.1
2015-2016 NBA Orlando Pro Summer League Stats,Stanley Johnson,DET,1,0,0,0,0,0,0,24,0,.294,1.1,1.0,0.5,2,3,.400,0.8,0.2,1.0
2015-2016 NBA Orlando Pro Summer League Stats,Frank Kaminsky,CHA,1,0,0,0,0,0,0,19,0,.248,0.6,0.4,0.3,2,3,.400,0.4,0.3,0.7
2015-2016 NBA Orlando Pro Summer League Stats,Keith Benson,ORL,1,0,0,0,0,0,1,19,0,.195,0.5,0.0,0.4,4,1,.800,0.6,0.2,0.8
2015-2016 NBA Orlando Pro Summer League Stats,Willie Reed,MIA,1,0,0,0,0,0,0,17,0,.213,0.5,0.3,0.6,4,0,1.000,0.5,0.1,0.7
2015-2016 NBA Orlando Pro Summer League Stats,Troy Daniels,CHA,1,0,0,0,0,0,0,21,0,.262,2.0,0.4,0.2,2,2,.500,0.4,0.3,0.7
2015-2016 NBA Orlando Pro Summer League Stats,Rondae Hollis-Jefferson,BRK,1,0,0,0,0,0,0,22,0,.252,1.2,1.4,0.1,0,5,.000,0.0,0.4,0.4
2015-2016 NBA Orlando Pro Summer League Stats,Semaj Christon,OKC,1,0,0,0,0,0,0,23,0,.407,1.6,0.3,0.4,3,2,.600,0.1,0.0,0.1
2015-2016 NBA Orlando Pro Summer League Stats,Brian Qvale,CHA,1,0,0,0,0,0,0,12,0,.163,0.5,0.4,0.2,2,3,.400,0.1,0.2,0.3
2015-2016 NBA Orlando Pro Summer League Stats,Nnanna Egwu,ORL,1,0,0,0,0,0,0,11,0,.056,0.5,0.8,0.6,2,3,.400,0.1,0.2,0.3
2016-2017 NBA Orlando Pro Summer League Stats,Arinze Onuaku,ORL,2,0,0,0,0,0,0,16,0,.220,0.2,0.1,0.6,5,0,1.000,0.4,0.2,0.6
2016-2017 NBA Orlando Pro Summer League Stats,Mike Tobey,CHA,1,0,0,0,0,0,0,16,0,.186,0.0,0.0,0.1,2,3,.400,0.8,0.2,0.9
2016-2017 NBA Orlando Pro Summer League Stats,Brandon Paul,CHA,1,0,0,0,0,0,0,17,0,.200,1.1,1.0,0.3,2,3,.400,0.4,0.2,0.5
2016-2017 NBA Orlando Pro Summer League Stats,Andrew Andrews,LAC,1,0,0,0,0,0,0,15,0,.235,1.6,1.1,0.7,0,5,.000,0.3,0.0,0.3
2016-2017 NBA Orlando Pro Summer League Stats,Dakari Johnson,OKC,1,0,0,0,0,0,0,15,0,.190,0.5,0.3,0.9,4,1,.800,0.1,0.3,0.4
2016-2017 NBA Orlando Pro Summer League Stats,Georges Niang,IND,1,0,0,0,0,0,0,17,0,.219,0.8,0.4,0.2,2,3,.400,0.2,0.2,0.5
2016-2017 NBA Orlando Pro Summer League Stats,Stephen Zimmerman,ORL,1,0,0,0,0,0,1,12,0,.190,0.5,0.1,0.2,1,4,.200,-0.3,0.0,-0.2
2016-2017 NBA Orlando Pro Summer League Stats,Louis Labeyrie,NYK,1,0,0,0,0,0,0,14,0,.113,0.5,0.8,0.0,2,3,.400,0.2,0.1,0.3
2016-2017 NBA Orlando Pro Summer League Stats,Henry Ellenson,DET,1,0,0,0,0,0,0,22,0,.147,0.1,0.1,0.5,4,1,.800,0.0,0.4,0.4
2016-2017 NBA Orlando Pro Summer League Stats,Victor Rudd,MIA,1,0,0,0,0,0,0,22,1,.213,0.8,0.3,0.2,1,2,.333,0.1,0.1,0.2
2016-2017 NBA Orlando Pro Summer League Stats,Brandon Ashley,DAL,1,0,0,0,0,0,0,10,0,.206,1.0,0.3,0.2,0,2,.000,0.1,0.0,0.1
2016-2017 NBA Orlando Pro Summer League Stats,Vincent Poirier,ORL,1,0,0,0,0,0,0,10,0,.092,0.4,0.3,0.2,1,4,.200,-0.1,0.0,-0.1
2017-2018 NBA Orlando Pro Summer League Stats,Bam Adebayo,MIA,2,0,0,0,0,0,0,29,1,.253,0.6,0.5,0.8,0,4,.000,0.3,0.2,0.5
2017-2018 NBA Orlando Pro Summer League Stats,Eric Moreland,DET,1,0,0,0,0,0,0,15,0,.099,0.2,0.4,0.7,3,2,.600,0.3,0.3,0.6
2017-2018 NBA Orlando Pro Summer League Stats,Treveon Graham,CHA,1,0,0,0,0,0,0,19,0,.299,1.1,1.0,0.5,2,1,.667,0.5,0.2,0.6
2017-2018 NBA Orlando Pro Summer League Stats,Dakari Johnson,OKC,1,0,0,0,0,0,0,21,0,.290,1.2,0.0,0.5,2,2,.500,0.6,-0.2,0.4
2017-2018 NBA Orlando Pro Summer League Stats,Vince Hunter,OKC,1,0,0,0,0,0,0,21,0,.224,1.7,0.0,0.4,2,1,.667,0.6,-0.1,0.5
2017-2018 NBA Orlando Pro Summer League Stats,Okaro White,MIA,1,0,0,0,0,0,0,29,1,.330,0.4,0.1,0.5,0,4,.000,-0.1,0.2,0.1
2017-2018 NBA Orlando Pro Summer League Stats,Jonathan Isaac,ORL,1,0,0,0,0,0,0,15,0,.160,0.3,0.5,0.3,1,2,.333,0.2,0.1,0.3
2017-2018 NBA Orlando Pro Summer League Stats,Louis Labeyrie,NYK,1,0,0,0,0,0,0,10,0,.126,0.3,0.2,0.3,1,4,.200,0.1,0.0,0.1
2017-2018 NBA Orlando Pro Summer League Stats,Zach Auguste,MIA,1,0,0,0,0,0,0,11,0,.145,0.0,0.0,0.3,0,3,.000,0.2,0.2,0.4
2017-2018 NBA Orlando Pro Summer League Stats,Johnathan Motley,DAL,1,0,0,0,0,0,0,18,0,.110,0.4,0.1,0.3,4,0,1.000,0.0,0.1,0.1
2017-2018 NBA Orlando Pro Summer League Stats,T.J. Leaf,IND,1,0,0,0,0,0,0,19,0,.196,0.3,0.2,0.2,2,1,.667,0.0,0.0,0.1
2004-2005 NBA Salt Lake City Summer League Stats,James Thomas,POR,2,0,0,0,0,0,0,14,0,.108,0.5,1.0,1.2,1,6,.143,0.8,0.1,0.9
2004-2005 NBA Salt Lake City Summer League Stats,Primoz Brezec,CHA,2,0,0,0,0,0,0,23,2,.235,0.7,0.7,0.4,4,2,.667,0.7,0.4,1.1
2004-2005 NBA Salt Lake City Summer League Stats,Loren Woods,CHA,2,0,0,0,0,0,0,17,0,.257,0.5,0.7,0.8,1,2,.333,0.3,0.3,0.5
2004-2005 NBA Salt Lake City Summer League Stats,Maciej Lampe,PHX,2,0,0,0,0,0,0,21,0,.179,0.3,0.5,0.5,3,2,.600,0.1,0.2,0.3
2004-2005 NBA Salt Lake City Summer League Stats,Linton Johnson,CHI,1,0,0,0,0,0,0,15,0,.182,0.8,0.5,0.4,6,1,.857,0.7,0.3,1.0
2004-2005 NBA Salt Lake City Summer League Stats,Curtis Borchardt,UTA,1,0,0,0,0,0,0,13,0,.197,0.5,1.0,0.5,3,2,.600,0.2,0.5,0.7
2004-2005 NBA Salt Lake City Summer League Stats,Stephane Pelle,ATL,1,0,0,0,0,1,0,16,0,.148,1.0,1.8,0.4,4,2,.667,0.4,0.4,0.8
2004-2005 NBA Salt Lake City Summer League Stats,Josh Childress,ATL,1,0,0,0,0,0,0,14,0,.193,0.9,0.5,0.3,4,2,.667,0.0,0.4,0.4
2004-2005 NBA Salt Lake City Summer League Stats,Nick Collison,SEA,1,0,0,0,0,0,0,16,0,.253,0.3,0.1,0.3,2,4,.333,-0.2,0.2,0.0
2004-2005 NBA Salt Lake City Summer League Stats,Cory Violette,ATL,1,0,0,0,0,0,0,14,1,.131,0.4,0.2,0.2,4,2,.667,0.2,0.3,0.5
2004-2005 NBA Salt Lake City Summer League Stats,Kirk Snyder,UTA,1,0,0,0,0,0,0,23,1,.190,0.6,0.2,0.6,3,3,.500,0.1,0.3,0.4
2004-2005 NBA Salt Lake City Summer League Stats,Olumide Oyedeji,CHA,1,0,0,0,0,0,0,10,1,.055,0.2,0.2,1.6,5,2,.714,0.2,0.3,0.5
2004-2005 NBA Salt Lake City Summer League Stats,Keith Waleskowski,UTA,1,0,0,0,0,0,0,18,0,.095,0.8,0.4,0.4,3,3,.500,0.2,0.2,0.4
2004-2005 NBA Salt Lake City Summer League Stats,Kris Humphries,UTA,1,0,0,0,0,0,0,19,0,.240,1.5,1.0,0.3,1,1,.500,0.1,0.1,0.2
2005-2006 NBA Salt Lake City Summer League Stats,Sean May,CHA,3,0,0,0,0,0,0,25,0,.268,0.6,0.4,0.4,4,2,.667,0.5,0.4,0.9
2005-2006 NBA Salt Lake City Summer League Stats,Arthur Johnson,ATL,1,0,0,0,0,0,0,14,0,.127,0.5,0.1,0.5,3,3,.500,0.3,0.2,0.5
2005-2006 NBA Salt Lake City Summer League Stats,Boris Diaw,ATL,1,0,0,0,0,0,0,15,0,.200,0.7,0.1,0.5,3,3,.500,0.0,0.2,0.2
2005-2006 NBA Salt Lake City Summer League Stats,Josh Powell,DAL,1,0,0,0,0,0,0,16,0,.216,0.5,0.2,0.8,1,3,.250,0.2,0.1,0.3
2005-2006 NBA Salt Lake City Summer League Stats,Gyasi Cline-Heard,ATL,1,0,0,0,0,0,0,16,0,.085,0.3,0.4,1.8,3,3,.500,0.1,0.2,0.3
2005-2006 NBA Salt Lake City Summer League Stats,Robert Whaley,UTA,1,0,0,0,0,0,0,13,0,.178,0.5,0.2,0.3,3,3,.500,-0.1,0.1,0.0
2005-2006 NBA Salt Lake City Summer League Stats,Kaniel Dickens,SEA,1,0,0,0,0,0,0,17,0,.131,0.2,0.5,0.2,3,3,.500,0.0,0.2,0.2
2006-2007 NBA Salt Lake City Summer League Stats,Marvin Williams,ATL,1,0,0,0,0,0,0,30,1,.321,0.8,0.2,1.3,3,2,.600,1.1,0.1,1.2
2006-2007 NBA Salt Lake City Summer League Stats,Ivan McFarlin,PHI,1,0,0,0,0,0,0,12,0,.169,1.5,1.0,0.4,4,2,.667,0.5,0.6,1.1
2006-2007 NBA Salt Lake City Summer League Stats,Paul Millsap,UTA,1,0,0,0,0,0,0,11,0,.137,0.5,0.6,0.7,3,3,.500,0.4,0.4,0.9
2006-2007 NBA Salt Lake City Summer League Stats,Steven Smith,PHI,1,0,0,0,0,0,0,23,0,.219,0.4,0.6,0.4,4,2,.667,0.4,0.6,1.0
2006-2007 NBA Salt Lake City Summer League Stats,Shavlik Randolph,PHI,1,0,0,0,0,0,0,25,0,.267,1.0,0.5,2.1,1,0,1.000,0.2,0.1,0.4
2006-2007 NBA Salt Lake City Summer League Stats,Robert Swift,SEA,1,0,0,0,0,0,1,13,0,.098,0.3,0.1,0.6,1,2,.333,-0.2,0.1,-0.1
2007-2008 NBA Salt Lake City Summer League Stats,Lou Amundson,PHI,2,0,0,0,0,0,0,17,1,.205,0.8,0.7,1.0,5,0,1.000,0.7,0.4,1.1
2007-2008 NBA Salt Lake City Summer League Stats,Paul Millsap,UTA,1,0,0,0,0,0,0,22,0,.227,0.6,0.2,0.6,3,3,.500,0.8,0.1,0.9
2007-2008 NBA Salt Lake City Summer League Stats,Shelden Williams,ATL,1,0,0,0,0,0,0,23,0,.229,0.2,0.5,0.4,2,4,.333,0.4,0.3,0.7
2007-2008 NBA Salt Lake City Summer League Stats,D'or Fischer,CHI,1,0,0,0,0,0,1,12,0,.140,1.0,0.8,0.5,2,2,.500,0.5,0.1,0.6
2007-2008 NBA Salt Lake City Summer League Stats,Dee Brown,UTA,1,0,0,0,0,0,0,11,1,.287,2.6,0.4,0.4,3,3,.500,0.3,0.0,0.3
2007-2008 NBA Salt Lake City Summer League Stats,Johan Petro,SEA,1,0,0,0,0,0,0,20,0,.250,1.0,0.0,0.6,2,1,.667,0.2,0.0,0.3
2007-2008 NBA Salt Lake City Summer League Stats,Jeff Green,SEA,1,0,0,0,0,0,0,25,0,.310,1.1,0.4,0.6,2,1,.667,0.2,-0.1,0.2
2007-2008 NBA Salt Lake City Summer League Stats,Pops Mensah-Bonsu,DAL,1,0,0,0,0,0,0,15,0,.160,0.1,0.2,0.1,1,2,.333,0.1,0.0,0.1
2008-2009 NBA Salt Lake City Summer League Stats,Anthony Morrow,GSW,1,0,0,0,0,0,0,27,0,.308,1.3,0.7,0.1,3,1,.750,0.7,0.1,0.8
2008-2009 NBA Salt Lake City Summer League Stats,Rob Kurz,GSW,1,0,0,0,0,0,0,18,0,.173,0.4,0.6,0.2,3,1,.750,0.4,0.2,0.6
2008-2009 NBA Salt Lake City Summer League Stats,Hamed Haddadi,IRA,1,0,0,0,0,0,1,19,0,.310,0.3,0.3,0.3,0,3,.000,-0.3,0.3,0.0
2008-2009 NBA Salt Lake City Summer League Stats,Julius Hodge,NJN,1,0,0,0,0,0,0,20,0,.333,1.7,1.7,0.4,0,2,.000,0.3,0.0,0.3
2008-2009 NBA Salt Lake City Summer League Stats,Glen McGowan,AMB,1,0,0,0,0,0,0,17,0,.185,0.2,0.3,0.7,2,3,.400,0.3,0.3,0.6
2008-2009 NBA Salt Lake City Summer League Stats,Richard Hendrix,GSW,1,0,0,0,0,0,0,10,0,.060,0.0,0.3,0.3,3,1,.750,0.0,0.1,0.1
2008-2009 NBA Salt Lake City Summer League Stats,Kosta Koufos,UTA,1,0,0,0,0,0,0,12,0,.143,0.7,0.0,0.5,1,2,.333,0.1,0.1,0.2
2008-2009 NBA Salt Lake City Summer League Stats,Oshin Sahakian,IRA,1,0,0,0,0,0,0,11,0,.169,0.8,0.0,0.4,0,3,.000,0.0,0.1,0.1
2015-2016 NBA Salt Lake City Summer League Stats,Furkan Aldemir,PHI,1,0,0,0,0,0,0,11,0,.098,0.5,0.2,0.3,1,2,.333,0.0,0.4,0.4
2015-2016 NBA Salt Lake City Summer League Stats,Jack Cooley,UTA,1,0,0,0,0,0,0,13,0,.138,0.7,1.3,0.6,3,0,1.000,0.3,0.2,0.5
2015-2016 NBA Salt Lake City Summer League Stats,Rodney Hood,UTA,1,0,0,0,0,0,0,23,0,.367,1.7,0.7,0.3,2,0,1.000,0.4,0.1,0.5
2016-2017 NBA Salt Lake City Summer League Stats,Trey Lyles,UTA,2,0,0,0,0,0,0,26,0,.263,0.6,0.0,0.5,0,3,.000,0.1,-0.1,0.1
2016-2017 NBA Salt Lake City Summer League Stats,Kyle Anderson,SAS,1,0,0,0,0,0,0,25,0,.400,1.4,1.1,0.3,2,1,.667,0.7,0.2,0.9
2017-2018 NBA Salt Lake City Summer League Stats,Jayson Tatum,BOS,2,0,0,0,0,1,0,23,0,.341,0.8,0.9,0.3,1,2,.333,0.1,0.3,0.4
2017-2018 NBA Salt Lake City Summer League Stats,Dante Exum,UTA,1,0,0,0,0,0,0,26,0,.423,2.4,0.1,0.4,3,0,1.000,0.5,0.2,0.7
2017-2018 NBA Salt Lake City Summer League Stats,Jaylen Brown,BOS,1,0,0,0,0,0,0,29,0,.230,0.2,0.2,0.7,1,1,.500,0.0,0.1,0.1
2018-2019 NBA Salt Lake City Summer League Stats,Tony Bradley,UTA,3,0,0,0,0,0,0,18,0,.178,0.0,0.2,0.5,2,1,.667,0.2,0.2,0.4
2018-2019 NBA Salt Lake City Summer League Stats,Georges Niang,UTA,1,0,0,0,0,0,0,18,1,.267,0.9,0.4,0.1,2,1,.667,0.2,0.1,0.4
2018-2019 NBA Salt Lake City Summer League Stats,Jaron Blossomgame,SAS,1,0,0,0,0,0,0,16,0,.184,5.0,1.0,0.4,2,1,.667,0.2,0.1,0.3
2019-2020 NBA Salt Lake City Summer League Stats,Tony Bradley,UTA,2,0,0,0,0,0,0,26,0,.254,0.3,0.3,0.6,1,1,.500,0.3,0.2,0.5
2019-2020 NBA Salt Lake City Summer League Stats,Willie Reed,UTA,1,0,0,0,0,0,0,14,0,.288,2.0,0.5,0.0,1,1,.500,0.3,0.1,0.3
2021-2022 NBA Salt Lake City Summer League Stats,Udoka Azubuike,UJW,1,0,0,0,0,0,0,19,0,.202,0.3,0.5,0.1,3,0,1.000,0.4,0.3,0.8
2021-2022 NBA Salt Lake City Summer League Stats,Trent Forrest,UJW,1,0,0,0,0,0,0,19,0,.433,4.5,1.0,0.1,3,0,1.000,0.6,0.3,0.9
2021-2022 NBA Salt Lake City Summer League Stats,"Xavier Tillman, Sr.",MEM,1,0,0,0,0,0,0,14,0,.208,2.0,1.3,0.4,2,0,1.000,0.2,0.2,0.4
2021-2022 NBA Salt Lake City Summer League Stats,Justin Patton,UJB,1,0,0,0,0,0,0,11,0,.115,0.2,0.1,0.3,1,2,.333,-0.1,0.1,0.0
2022-2023 NBA Salt Lake City Summer League Stats,Josh Giddey,OKC,2,1,0,0,0,0,0,14,1,.453,2.2,0.5,0.3,2,1,.667,0.1,0.3,0.4
2022-2023 NBA Salt Lake City Summer League Stats,Chet Holmgren,OKC,1,0,0,0,0,0,1,23,0,.254,1.8,0.3,0.5,2,0,1.000,0.3,0.3,0.6
2022-2023 NBA Salt Lake City Summer League Stats,"Xavier Tillman, Sr.",MEM,1,0,0,0,0,0,0,16,0,.253,8.0,1.0,0.2,2,0,1.000,0.3,0.0,0.3
2022-2023 NBA Salt Lake City Summer League Stats,"Paul Reed, Jr.",PHI,1,0,0,0,0,0,0,20,0,.254,0.3,0.6,0.3,1,1,.500,0.1,0.1,0.2
2023-2024 NBA Salt Lake City Summer League Stats,Ousmane Dieng,OKC,1,0,0,0,0,0,0,22,0,.238,0.6,0.3,0.2,2,1,.667,-0.1,0.2,0.1
2023-2024 NBA Salt Lake City Summer League Stats,G.G. Jackson,MEM,1,0,0,0,0,0,0,23,0,.163,0.0,0.0,0.2,2,1,.667,0.1,0.1,0.1
2023-2024 NBA Salt Lake City Summer League Stats,"Kenny Lofton, Jr.",MEM,1,0,0,0,0,0,0,21,1,.317,2.7,1.7,0.3,2,0,1.000,0.1,0.1,0.3
2023-2024 NBA Salt Lake City Summer League Stats,Ochai Agbaji,UTA,1,0,0,0,0,0,0,22,0,.263,0.4,0.2,0.1,1,2,.333,-0.2,0.2,-0.1
2023-2024 NBA Salt Lake City Summer League Stats,Chet Holmgren,OKC,1,0,0,0,0,0,0,15,0,.190,0.3,0.2,0.5,1,1,.500,-0.2,0.2,0.0
2018-2019 NBA California Classic Stats,Derrick Jones,MIA,1,0,0,0,0,0,0,24,0,.294,0.4,0.9,0.7,2,1,.667,0.3,0.3,0.6
2018-2019 NBA California Classic Stats,Moe Wagner,LAL,1,0,0,0,0,0,0,23,0,.182,0.2,0.4,0.4,0,3,.000,0.0,0.1,0.1
2018-2019 NBA California Classic Stats,Marcus Derrickson,GSW,1,0,0,0,0,0,0,24,0,.153,0.5,2.0,0.2,3,0,1.000,0.1,0.3,0.3
2018-2019 NBA California Classic Stats,Kendrick Nunn,GSW,1,0,0,0,0,0,0,19,0,.255,1.0,0.8,0.2,2,0,1.000,0.0,0.3,0.3
2018-2019 NBA California Classic Stats,Bam Adebayo,MIA,1,0,0,0,0,0,0,14,1,.188,0.5,0.0,0.7,2,1,.667,-0.1,0.2,0.1
2018-2019 NBA California Classic Stats,Harry Giles,SAC,1,0,0,0,0,0,0,13,0,.171,0.1,0.4,0.1,1,2,.333,-0.2,0.1,-0.2
2019-2020 NBA California Classic Stats,Eric Mika,SAC,2,0,0,0,0,0,0,13,0,.126,0.5,0.0,0.7,1,2,.333,0.1,0.0,0.1
2019-2020 NBA California Classic Stats,Devontae Cacok,LAL,1,0,0,0,0,1,0,16,0,.214,1.3,2.0,0.2,2,1,.667,0.3,0.1,0.3
2019-2020 NBA California Classic Stats,Semaj Christon,SAC,1,0,0,0,0,0,0,13,0,.391,3.1,0.7,0.4,1,2,.333,0.3,0.1,0.4
2019-2020 NBA California Classic Stats,Wenyen Gabriel,SAC,1,0,0,0,0,0,0,22,0,.259,0.3,0.5,0.5,1,1,.500,0.2,0.1,0.3
2021-2022 NBA California Classic Stats,Omer Yurtseven,MIA,1,0,0,0,0,0,0,27,0,.359,0.3,0.1,0.3,2,0,1.000,0.2,0.1,0.4
2021-2022 NBA California Classic Stats,Marcus Garrett,MIA,1,0,0,0,0,1,0,11,0,.188,2.5,5.0,1.2,2,0,1.000,0.3,0.2,0.5
2022-2023 NBA California Classic Stats,Neemias Queta,SAC,1,0,0,0,0,0,0,14,0,.211,0.6,0.9,0.3,3,0,1.000,0.1,0.3,0.4
2023-2024 NBA California Classic Stats,Dominick Barlow,SAS,1,0,0,0,0,0,0,24,0,.254,7.0,2.0,0.4,2,0,1.000,0.3,0.1,0.5
2023-2024 NBA California Classic Stats,Neemias Queta,SAC,1,0,0,0,0,0,0,11,0,.197,1.0,0.0,0.6,2,0,1.000,0.1,0.1,0.2
